enumeration_approach,payer_id,payer_lbn,plan_id,plan_name,fhir_url,fhir_url_vendor,fhir_url_type,sandbox_fhir_url,documentation_url,swagger_url,open_api_url,well_known_url
NAIC,11157,,,"MMM Healthcare, MMM Multihealth",https://api.mmmhealthcarefhir.com/r4,1upHealth,carin_bluebutton_endpoint,https://api.mmmhealthcarefhir.com/r4,http://docs.1up.health/docs,,,
NAIC,11157,,,MMM Healthcare,https://auth.mmmhealthcarefhir.com/oauth2/authorize/system,1upHealth,davinci_pdex_patient_endpoint,,http://docs.1up.health/docs,,,
NAIC,11157,,,MMM Healthcare,https://api.mmmhealthcarefhir.com/r4/public-ma/Practitioner,1upHealth,davinci_pdex_provider_directory_endpoint,,http://docs.1up.health/docs,,,
Availity/EDI Payer ID,13010,,,Vaya Health,https://api.vayahealthfhir.com/r4,1upHealth,carin_bluebutton_endpoint,https://api.vayahealthfhir.com/r4,http://docs.1up.health/docs,,,
Availity/EDI Payer ID,13010,,,Vaya Health,https://auth.vayahealthfhir.com/oauth2/authorize/system,1upHealth,davinci_pdex_patient_endpoint,,http://docs.1up.health/docs,,,
Availity/EDI Payer ID,13010,,,Vaya Health,https://api.vayahealthfhir.com/r4/public/Practitioner,1upHealth,davinci_pdex_provider_directory_endpoint,,http://docs.1up.health/docs,,,
NAIC,13022,"MCS ADVANTAGE, INC.",,Medical Card System,https://api.mcsfhir.com/r4,1upHealth,carin_bluebutton_endpoint,https://api.mcsfhir.com.com/r4,http://docs.1up.health/docs,,,
NAIC,13022,"MCS ADVANTAGE, INC.",,Medical Card System,https://auth.mcsfhir.com/oauth2/authorize/system,1upHealth,davinci_pdex_patient_endpoint,,http://docs.1up.health/docs,,,
NAIC,13022,"MCS ADVANTAGE, INC.",,Medical Card System,https://api.mcsfhir.com/r4/public/Practitioner,1upHealth,davinci_pdex_provider_directory_endpoint,,http://docs.1up.health/docs,,,
HIOS,14002,,,BlueCross BlueShield of Tennessee,https://api.bcbstnfhir.com/r4,1upHealth,carin_bluebutton_endpoint,https://api.bcbstnfhir.com/r4,http://docs.1up.health/docs,,,
HIOS,14002,,,BlueCross BlueShield of Tennessee,https://auth.bcbstnfhir.com/oauth2/authorize/system,1upHealth,davinci_pdex_patient_endpoint,,http://docs.1up.health/docs,,,
HIOS,14002,,,BlueCross BlueShield of Tennessee,https://api.bcbstnfhir.com/r4/public/Practitioner,1upHealth,davinci_pdex_provider_directory_endpoint,,http://docs.1up.health/docs,,,
NAIC,15685,CARE N' CARE INSURANCE COMPANY OF NORTH CAROLINA,,HealthTeam Advantage ,https://api.healthteamadvantagefhir.com/r4,1upHealth,carin_bluebutton_endpoint,https://api.healthteamadvantagefhir.com/r4,http://docs.1up.health/docs,,,
NAIC,15685,CARE N' CARE INSURANCE COMPANY OF NORTH CAROLINA,,HealthTeam Advantage ,https://auth.healthteamadvantagefhir.com/oauth2/authorize/system,1upHealth,davinci_pdex_patient_endpoint,,http://docs.1up.health/docs,,,
NAIC,15685,CARE N' CARE INSURANCE COMPANY OF NORTH CAROLINA,,HealthTeam Advantage ,https://api.healthteamadvantagefhir.com/r4/public/Practitioner,1upHealth,davinci_pdex_provider_directory_endpoint,,http://docs.1up.health/docs,,,
NAIC,16282,"BAYCARE SELECT HEALTH PLANS, INC.",,BayCare,https://api.baycarefhir.com/r4,1upHealth,carin_bluebutton_endpoint,https://api.baycarefhir.com/r4,http://docs.1up.health/docs,,,
NAIC,16282,"BAYCARE SELECT HEALTH PLANS, INC.",,BayCare,https://auth.baycarefhir.com/oauth2/authorize/system,1upHealth,davinci_pdex_patient_endpoint,,http://docs.1up.health/docs,,,
NAIC,16282,"BAYCARE SELECT HEALTH PLANS, INC.",,BayCare,https://api.baycarefhir.com/r4/public/Practitioner,1upHealth,davinci_pdex_provider_directory_endpoint,,http://docs.1up.health/docs,,,
NAIC,16375,"MASS GENERAL BRIGHAM HEALTH PLAN, INC",,MGB Health Plan,https://api.mgbhealthplanfhir.com/r4,1upHealth,carin_bluebutton_endpoint,https://api.mgbhealthplanfhir.com/r4,http://docs.1up.health/docs,,,
NAIC,16375,"MASS GENERAL BRIGHAM HEALTH PLAN, INC",,MGB Health Plan,https://auth.mgbhealthplanfhir.com/oauth2/authorize/system,1upHealth,davinci_pdex_patient_endpoint,,http://docs.1up.health/docs,,,
NAIC,16375,"MASS GENERAL BRIGHAM HEALTH PLAN, INC",,MGB Health Plan,https://api.mgbhealthplanfhir.com/r4/public/Practitioner,1upHealth,davinci_pdex_provider_directory_endpoint,,http://docs.1up.health/docs,,,
NAIC,16607,"ZING HEALTH OF MICHIGAN, INC.",58 full contract-PBP IDs see MA Plan ID(s) column in working sheet,Zing Health,https://api.zinghealthfhir.com/r4,1upHealth,carin_bluebutton_endpoint,https://api.zinghealthfhir.com/r4,http://docs.1up.health/docs,,,
NAIC,16607,"ZING HEALTH OF MICHIGAN, INC.",58 full contract-PBP IDs see MA Plan ID(s) column in working sheet,Zing Health,https://auth.zinghealthfhir.com/oauth2/authorize/system,1upHealth,davinci_pdex_patient_endpoint,,http://docs.1up.health/docs,,,
NAIC,16607,"ZING HEALTH OF MICHIGAN, INC.",58 full contract-PBP IDs see MA Plan ID(s) column in working sheet,Zing Health,https://api.zinghealthfhir.com/r4/public/Practitioner,1upHealth,davinci_pdex_provider_directory_endpoint,,http://docs.1up.health/docs,,,
NAIC,16657,,,Yamhill Community Care,https://api.yamhillfhir.com/r4,1upHealth,carin_bluebutton_endpoint,https://api.yamhillfhir.com/r4,http://docs.1up.health/docs,,,
NAIC,16657,,,Yamhill Community Care,https://auth.yamhillfhir.com/oauth2/authorize/system,1upHealth,davinci_pdex_patient_endpoint,,http://docs.1up.health/docs,,,
NAIC,16657,,,Yamhill Community Care,https://api.yamhillfhir.com/r4/public/Practitioner,1upHealth,davinci_pdex_provider_directory_endpoint,,http://docs.1up.health/docs,,,
NAIC,16982,"HPMP OF FLORIDA, INC.",,"Florida Community Care, Florida Complete Care",https://api.ilshealthfhir.com/r4/,1upHealth,carin_bluebutton_endpoint,https://api.ilshealthfhir.com/r4/,http://docs.1up.health/docs,,,
NAIC,16982,"HPMP OF FLORIDA, INC.",,Florida Community Care,https://auth.ilshealthfhir.com/oauth2/authorize/system-comm,1upHealth,davinci_pdex_patient_endpoint,,http://docs.1up.health/docs,,,
NAIC,16982,"HPMP OF FLORIDA, INC.",,Florida Complete Care,https://auth.ilshealthfhir.com/oauth2/authorize/system,1upHealth,davinci_pdex_patient_endpoint,,http://docs.1up.health/docs,,,
NAIC,16982,"HPMP OF FLORIDA, INC.",,Florida Community Care,https://api.ilshealthfhir.com/r4/publicFCC/Practitioner,1upHealth,davinci_pdex_provider_directory_endpoint,,http://docs.1up.health/docs,,,
NAIC,16982,"HPMP OF FLORIDA, INC.",,Florida Complete Care,https://api.ilshealthfhir.com/r4/publicFC2/Practitioner,1upHealth,davinci_pdex_provider_directory_endpoint,,http://docs.1up.health/docs,,,
HIOS,20069,,,Oscar,https://api.oscarfhir.com/r4,1upHealth,carin_bluebutton_endpoint,https://api.oscarfhir.com/r4,http://docs.1up.health/docs,,,
HIOS,20069,,,Oscar,https://auth.oscarfhir.com/oauth2/authorize/system,1upHealth,davinci_pdex_patient_endpoint,,http://docs.1up.health/docs,,,
HIOS,20069,,,Oscar,https://api.oscarfhir.com/r4/public/Practitioner,1upHealth,davinci_pdex_provider_directory_endpoint,,http://docs.1up.health/docs,,,
HIOS,28162,AULTCARE HEALTH INSURING CORPORATION,,AultCare,https://api.aultcarefhir.com/r4,1upHealth,carin_bluebutton_endpoint,https://api.aultcarefhir.com/r4,http://docs.1up.health/docs,,,
HIOS,28162,AULTCARE HEALTH INSURING CORPORATION,,AultCare,https://auth.aultcarefhir.com/oauth2/authorize/system,1upHealth,davinci_pdex_patient_endpoint,,http://docs.1up.health/docs,,,
HIOS,28162,AULTCARE HEALTH INSURING CORPORATION,,AultCare,https://api.aultcarefhir.com/r4/public/Practitioner,1upHealth,davinci_pdex_provider_directory_endpoint,,http://docs.1up.health/docs,,,
HIOS,29678,"SAPPHIRE EDGE, INC.",,Blue Cross Blue Shield Nebraska,https://api.bcbsnefhir.com/r4,1upHealth,carin_bluebutton_endpoint,https://api.bcbsnefhir.com/r4,http://docs.1up.health/docs,,,
HIOS,29678,"SAPPHIRE EDGE, INC.",,Blue Cross Blue Shield Nebraska,https://auth.bcbsnefhir.com/oauth2/authorize/system,1upHealth,davinci_pdex_patient_endpoint,,http://docs.1up.health/docs,,,
HIOS,29678,"SAPPHIRE EDGE, INC.",,Blue Cross Blue Shield Nebraska,https://api.bcbsnefhir.com/r4/public/Practitioner,1upHealth,davinci_pdex_provider_directory_endpoint,,http://docs.1up.health/docs,,,
HIOS,29854,,,Alliant Health Plans,https://api.allianthealthplansfhir.com/r4,1upHealth,carin_bluebutton_endpoint,https://api.alllianthealthplansfhir.com/r4,http://docs.1up.health/docs,,,
HIOS,29854,,,Alliant Health Plans,https://auth.allianthealthplansfhir.com/oauth2/authorize/system,1upHealth,davinci_pdex_patient_endpoint,,http://docs.1up.health/docs,,,
HIOS,29854,,,Alliant Health Plans,https://api.allianthealthplansfhir.com/r4/public/Practitioner,1upHealth,davinci_pdex_provider_directory_endpoint,,http://docs.1up.health/docs,,,
HIOS,32225,,,Mountain Health CO-OP,https://api.mountainhealthfhir.com/r4,1upHealth,carin_bluebutton_endpoint,https://api.mountainhealthfhir.com/r4,http://docs.1up.health/docs,,,
HIOS,32225,,,Mountain Health CO-OP,https://auth.mountainhealthfhir.com/oauth2/authorize/system,1upHealth,davinci_pdex_patient_endpoint,,http://docs.1up.health/docs,,,
HIOS,32225,,,Mountain Health CO-OP,https://api.mountainhealthfhir.com/r4/public/Practitioner,1upHealth,davinci_pdex_provider_directory_endpoint,,http://docs.1up.health/docs,,,
HIOS,36194,,,Health First ,https://api.healthfirstfhir.com/r4,1upHealth,carin_bluebutton_endpoint,https://api.healthfirstfhir.com/r4,http://docs.1up.health/docs,,,
HIOS,36194,,,Health First ,https://auth.healthfirstfhir.com/oauth2/authorize/system,1upHealth,davinci_pdex_patient_endpoint,,http://docs.1up.health/docs,,,
HIOS,36194,,,Health First ,https://api.healthfirstfhir.com/r4/public/Practitioner,1upHealth,davinci_pdex_provider_directory_endpoint,,http://docs.1up.health/docs,,,
HIOS,38345,,,"Dean Health Plan, WellFirst Health (WFH), WFH provided by SSM Health Plan (WFH SSM), PREVEA360 (P360)",https://api.deanhealthfhir.com/r4,1upHealth,carin_bluebutton_endpoint,https://api.deanhealthfhir.com/r4,http://docs.1up.health/docs,,,
HIOS,38345,,,Dean Health Plan,https://auth.deanhealthfhir.com/oauth2/authorize/system,1upHealth,davinci_pdex_patient_endpoint,,http://docs.1up.health/docs,,,
HIOS,38345,,,"Dean Health Plan, WellFirst Health (WFH), WFH provided by SSM Health Plan (WFH SSM), PREVEA360 (P360)",https://api.deanhealthfhir.com/r4/public/Practitioner,1upHealth,davinci_pdex_provider_directory_endpoint,,http://docs.1up.health/docs,,,
Availity/EDI Payer ID,47738,"HAMASPIK, INC.",,Hamaspik Choice,https://api.hamaspikfhir.com/r4,1upHealth,carin_bluebutton_endpoint,https://api.hamaspikfhir.com/r4,http://docs.1up.health/docs,,,
Availity/EDI Payer ID,47738,"HAMASPIK, INC.",,Hamaspik Choice,https://auth.hamaspikfhir.com/oauth2/authorize/system,1upHealth,davinci_pdex_patient_endpoint,,http://docs.1up.health/docs,,,
Availity/EDI Payer ID,47738,"HAMASPIK, INC.",,Hamaspik Choice,https://api.hamaspikfhir.com/r4/public/Practitioner,1upHealth,davinci_pdex_provider_directory_endpoint,,http://docs.1up.health/docs,,,
Availity/EDI Payer ID,52189,,,Priority Partners,https://auth.jhhpfhir.com/oauth2/authorize/system-pp,1upHealth,davinci_pdex_patient_endpoint,,http://docs.1up.health/docs,,,
Availity/EDI Payer ID,52189,,,Priority Partners,https://api.jhhpfhir.com/r4/public-pp/Practitioner,1upHealth,davinci_pdex_provider_directory_endpoint,,http://docs.1up.health/docs,,,
NAIC,52615,,,UPHP,https://api.uphpfhir.com/r4,1upHealth,carin_bluebutton_endpoint,https://api.uphpfhir.com/r4,http://docs.1up.health/docs,,,
NAIC,52615,,,UPHP,https://auth.uphpfhir.com/oauth2/authorize/system,1upHealth,davinci_pdex_patient_endpoint,,http://docs.1up.health/docs,,,
NAIC,52615,,,UPHP,https://auth.uphpfhir.com/oauth2/authorize/system-mhl,1upHealth,davinci_pdex_patient_endpoint,,http://docs.1up.health/docs,,,
NAIC,52615,,,UPHP,https://api.uphpfhir.com/r4/public/Practitioner,1upHealth,davinci_pdex_provider_directory_endpoint,,http://docs.1up.health/docs,,,
NAIC,52615,,,UPHP,https://api.uphpfhir.com/r4/public-mhl/Practitioner,1upHealth,davinci_pdex_provider_directory_endpoint,,http://docs.1up.health/docs,,,
Availity/EDI Payer ID,56089,,,Trillium Health Resources,https://api.trilliumfhir.com/r4,1upHealth,carin_bluebutton_endpoint,https://api.trilliumfhir.com/r4,http://docs.1up.health/docs,,,
Availity/EDI Payer ID,56089,,,Trillium Health Resources,https://auth.trilliumfhir.com/oauth2/authorize/system,1upHealth,davinci_pdex_patient_endpoint,,http://docs.1up.health/docs,,,
Availity/EDI Payer ID,56089,,,Trillium Health Resources,https://api.trilliumfhir.com/r4/public/Practitioner,1upHealth,davinci_pdex_provider_directory_endpoint,,http://docs.1up.health/docs,,,
NAIC,60016,"THE HEALTH PLAN OF WEST VIRGINIA, INC.","H3672-013, H3672-014, H3672-018, H3672-019, H3672-020, H3672-021, H3672-023, H3672-805, H8604-010, H8604-011, H8604-013, H8604-014","The Health Plan (Medicare), The Health Plan (MHT), The Health Plan (CHIP)",https://api.thehealthplanfhir.com/r4,1upHealth,carin_bluebutton_endpoint,https://api.thehealthplanfhir.com/r4,http://docs.1up.health/docs,,,
NAIC,60016,"THE HEALTH PLAN OF WEST VIRGINIA, INC.","H3672-013, H3672-014, H3672-018, H3672-019, H3672-020, H3672-021, H3672-023, H3672-805, H8604-010, H8604-011, H8604-013, H8604-014","The Health Plan (Medicare), The Health Plan (MHT), The Health Plan (CHIP)",https://auth.thehealthplanfhir.com/oauth2/authorize/system,1upHealth,davinci_pdex_patient_endpoint,,http://docs.1up.health/docs,,,
NAIC,60016,"THE HEALTH PLAN OF WEST VIRGINIA, INC.","H3672-013, H3672-014, H3672-018, H3672-019, H3672-020, H3672-021, H3672-023, H3672-805, H8604-010, H8604-011, H8604-013, H8604-014",The Health Plan (Medicare),https://api.thehealthplanfhir.com/r4/public/Practitioner,1upHealth,davinci_pdex_provider_directory_endpoint,,http://docs.1up.health/docs,,,
Availity/EDI Payer ID,63114,"VIVA HEALTH, INC.",,Viva Health,https://api.vivahealthfhir.com/r4,1upHealth,carin_bluebutton_endpoint,https://api.vivahealthfhir.com/r4,http://docs.1up.health/docs,,,
Availity/EDI Payer ID,63114,"VIVA HEALTH, INC.",,Viva Health,https://auth.vivahealthfhir.com/oauth2/authorize/system,1upHealth,davinci_pdex_patient_endpoint,,http://docs.1up.health/docs,,,
Availity/EDI Payer ID,63114,"VIVA HEALTH, INC.",,Viva Health,https://api.vivahealthfhir.com/r4/public/Practitioner,1upHealth,davinci_pdex_provider_directory_endpoint,,http://docs.1up.health/docs,,,
Availity/EDI Payer ID,66003,"HOPKINS HEALTH ADVANTAGE, INC.",,"Advantage MD, Priority Partners",https://api.jhhpfhir.com/r4,1upHealth,carin_bluebutton_endpoint,https://api.jhhpfhir.com/r4,http://docs.1up.health/docs,,,
Availity/EDI Payer ID,66003,"HOPKINS HEALTH ADVANTAGE, INC.",,Advantage MD,https://auth.jhhpfhir.com/oauth2/authorize/system,1upHealth,davinci_pdex_patient_endpoint,,http://docs.1up.health/docs,,,
Availity/EDI Payer ID,66003,"HOPKINS HEALTH ADVANTAGE, INC.",,Advantage MD,https://api.jhhpfhir.com/r4/public-ma/Practitioner,1upHealth,davinci_pdex_provider_directory_endpoint,,http://docs.1up.health/docs,,,
HIOS,66966,CAPITAL HEALTH PLAN,,"Capital Health Plan Medicare Advantage, Capital Health Plan Qualified Health Plan, Capital Health Plan Commercial",https://api.capitalhealthplanfhir.com/r4,1upHealth,carin_bluebutton_endpoint,https://api.capitalhealthplanfhir.com/r4,http://docs.1up.health/docs,,,
HIOS,66966,,,Capital Health Plan Qualified Health Plan,https://auth.capitalhealthplanfhir.com/oauth2/authorize/system-chpqhp,1upHealth,davinci_pdex_patient_endpoint,,http://docs.1up.health/docs,,,
HIOS,66966,,,Capital Health Plan Qualified Health Plan,https://api.capitalhealthplanfhir.com/r4/public-qhp/Practitioner,1upHealth,davinci_pdex_provider_directory_endpoint,,http://docs.1up.health/docs,,,
Availity/EDI Payer ID,68069,,,Partners Health Management,https://api.partnershealthfhir.com/r4,1upHealth,carin_bluebutton_endpoint,https://api.partnershealthfhir.com/r4,http://docs.1up.health/docs,,,
Availity/EDI Payer ID,68069,,,Partners Health Management,https://auth.partnershealthfhir.com/oauth2/authorize/system,1upHealth,davinci_pdex_patient_endpoint,,http://docs.1up.health/docs,,,
Availity/EDI Payer ID,68069,,,Partners Health Management,https://api.partnershealthfhir.com/r4/public/Practitioner,1upHealth,davinci_pdex_provider_directory_endpoint,,http://docs.1up.health/docs,,,
Availity/EDI Payer ID,76498,,,Maryland Physicians Care,https://api.mpcfhir.com/r4,1upHealth,carin_bluebutton_endpoint,https://api.mpcfhir.com/r4,http://docs.1up.health/docs,,,
Availity/EDI Payer ID,76498,,,Maryland Physicians Care,https://auth.mpcfhir.com/oauth2/authorize/system,1upHealth,davinci_pdex_patient_endpoint,,http://docs.1up.health/docs,,,
Availity/EDI Payer ID,76498,,,Maryland Physicians Care,https://api.mpcfhir.com/r4/public/Practitioner,1upHealth,davinci_pdex_provider_directory_endpoint,,http://docs.1up.health/docs,,,
HIOS,81413,NETWORK HEALTH INSURANCE CORPORATION,,Network Health,https://api.networkhealthfhir.com/r4,1upHealth,carin_bluebutton_endpoint,https://api.networkhealthfhir.com/r4,http://docs.1up.health/docs,,,
HIOS,81413,NETWORK HEALTH INSURANCE CORPORATION,,Network Health,https://auth.networkhealthfhir.com/oauth2/authorize/system,1upHealth,davinci_pdex_patient_endpoint,,http://docs.1up.health/docs,,,
HIOS,81413,NETWORK HEALTH INSURANCE CORPORATION,,Network Health,https://api.networkhealthfhir.com/r4/public/Practitioner,1upHealth,davinci_pdex_provider_directory_endpoint,,http://docs.1up.health/docs,,,
HIOS,85408,,,GlobalHealth,https://api.globalhealthfhir.com/r4,1upHealth,carin_bluebutton_endpoint,https://api.globalhealthfhir.com/r4,http://docs.1up.health/docs,,,
HIOS,85408,,,GlobalHealth,https://auth.globalhealthfhir.com/oauth2/authorize/system,1upHealth,davinci_pdex_patient_endpoint,,http://docs.1up.health/docs,,,
HIOS,85408,,,GlobalHealth,https://api.globalhealthfhir.com/r4/public/Practitioner,1upHealth,davinci_pdex_provider_directory_endpoint,,http://docs.1up.health/docs,,,
HIOS,85736,"ASPIRUS HEALTH PLAN, INC.",,"UCare, Aspirus",https://api.ucarefhir.com/r4,1upHealth,carin_bluebutton_endpoint,https://api.ucarefhir.com/r4,http://docs.1up.health/docs,,,
HIOS,85736,,,UCare,https://auth.ucarefhir.com/oauth2/authorize/system,1upHealth,davinci_pdex_patient_endpoint,,http://docs.1up.health/docs,,,
HIOS,85736,,,UCare,https://api.ucarefhir.com/r4/public/Practitioner,1upHealth,davinci_pdex_provider_directory_endpoint,,http://docs.1up.health/docs,,,
HIOS,88806,FALLON COMMUNITY HEALTH PLAN,,Fallon Health,https://api.fallonhealthfhir.com/r4,1upHealth,carin_bluebutton_endpoint,https://api.fallonhealthfhir.com/r4,http://docs.1up.health/docs,,,
HIOS,88806,FALLON COMMUNITY HEALTH PLAN,,Fallon Health,https://auth.fallonhealthfhir.com/oauth2/authorize/system,1upHealth,davinci_pdex_patient_endpoint,,http://docs.1up.health/docs,,,
HIOS,88806,FALLON COMMUNITY HEALTH PLAN,,Fallon Health,https://api.fallonhealthfhir.com/r4/public/Practitioner,1upHealth,davinci_pdex_provider_directory_endpoint,,http://docs.1up.health/docs,,,
HIOS,93689,,,Western Health Advantage Commercial,https://api.westernhealthfhir.com/r4,1upHealth,carin_bluebutton_endpoint,https://api.westernhealthfhir.com/r4,http://docs.1up.health/docs,,,
HIOS,93689,,,Western Health Advantage Commercial,https://auth.westernhealthfhir.com/oauth2/authorize/system-commercial,1upHealth,davinci_pdex_patient_endpoint,,http://docs.1up.health/docs,,,
HIOS,93689,,,Western Health Advantage Commercial,https://api.westernhealthfhir.com/r4/public/Practitioner,1upHealth,davinci_pdex_provider_directory_endpoint,,http://docs.1up.health/docs,,,
NAIC,95491,,,CDPHP,https://api.cdphpfhir.com/r4,1upHealth,carin_bluebutton_endpoint,https://api.cdphpfhir.com/r4,http://docs.1up.health/docs,,,
NAIC,95491,,,CDPHP,https://auth.cdphpfhir.com/oauth2/authorize/system,1upHealth,davinci_pdex_patient_endpoint,,http://docs.1up.health/docs,,,
NAIC,95491,,,CDPHP,https://api.cdphpfhir.com/r4/public/Practitioner,1upHealth,davinci_pdex_provider_directory_endpoint,,http://docs.1up.health/docs,,,
HIOS,96384,,,"Cox HealthPlans - MedicareAdvantage, Cox HealthPlans - Individual Marketplace",https://api.coxhealthplanfhir.com/r4,1upHealth,carin_bluebutton_endpoint,https://api.coxhealthplanfhir.com/r4/,http://docs.1up.health/docs,,,
HIOS,96384,,,Cox HealthPlans - Individual Marketplace,https://auth.coxhealthplanfhir.com/oauth2/authorize/system-ex,1upHealth,davinci_pdex_patient_endpoint,,http://docs.1up.health/docs,,,
HIOS,96384,,,Cox HealthPlans - Individual Marketplace,https://api.coxhealthplanfhir.com/r4/publicProdEx/Practitioner,1upHealth,davinci_pdex_provider_directory_endpoint,,http://docs.1up.health/docs,,,
NAIC,05827,VNS CHOICE,,"VNSNY, VNSNY CHOICE",https://api.vnshealthfhir.com/r4,1upHealth,carin_bluebutton_endpoint,https://api.vnshealthfhir.com/r4,http://docs.1up.health/docs,,,
NAIC,05827,VNS CHOICE,,VNSNY,https://auth.vnshealthfhir.com/oauth2/authorize/system-select,1upHealth,davinci_pdex_patient_endpoint,,http://docs.1up.health/docs,,,
NAIC,05827,,,VNSNY CHOICE,https://auth.vnshealthfhir.com/oauth2/authorize/system,1upHealth,davinci_pdex_patient_endpoint,,http://docs.1up.health/docs,,,
NAIC,05827,VNS CHOICE,,"VNSNY, VNSNY CHOICE",https://api.vnshealthfhir.com/r4/public/Practitioner,1upHealth,davinci_pdex_provider_directory_endpoint,,http://docs.1up.health/docs,,,
EIN,redacted,,,Cook County Health CountyCare ,https://api.cookcountyhealthfhir.com/r4,1upHealth,carin_bluebutton_endpoint,https://api.cookcountyhealthfhir.com/r4,http://docs.1up.health/docs,,,
EIN,redacted,,,Cook County Health CountyCare ,https://auth.cookcountyhealthfhir.com/oauth2/authorize/system,1upHealth,davinci_pdex_patient_endpoint,,http://docs.1up.health/docs,,,
EIN,redacted,,,Cook County Health CountyCare ,https://api.cookcountyhealthfhir.com/r4/publiccountycare/Practitioner,1upHealth,davinci_pdex_provider_directory_endpoint,,http://docs.1up.health/docs,,,
Availity/EDI Payer ID,CCHS,CHINESE COMMUNITY HEALTH PLAN,,"Chinese Community Health Plan (CCHP), Balance",https://api.chinesecommunityhealthplanfhir.com/r4,1upHealth,carin_bluebutton_endpoint,https://api.chinesecommunityhealthplanfhir.com/r4 ,http://docs.1up.health/docs,,,
Availity/EDI Payer ID,CCHS,CHINESE COMMUNITY HEALTH PLAN,,Chinese Community Health Plan (CCHP),https://auth.chinesecommunityhealthplanfhir.com/oauth2/authorize/system,1upHealth,davinci_pdex_patient_endpoint,,http://docs.1up.health/docs,,,
Availity/EDI Payer ID,CCHS,CHINESE COMMUNITY HEALTH PLAN,,Chinese Community Health Plan (CCHP),https://api.chinesecommunityhealthplanfhir.com/r4/publicCCHP/Practitioner,1upHealth,davinci_pdex_provider_directory_endpoint,,http://docs.1up.health/docs,,,
Availity/EDI Payer ID,CHA01,,,Cascade Health Alliance,https://api.cascadecompfhir.com/r4,1upHealth,carin_bluebutton_endpoint,ttps://api.cascadecompfhir.com/r4,http://docs.1up.health/docs,,,
Availity/EDI Payer ID,CHA01,,,Cascade Health Alliance,https://auth.cascadecompfhir.com/oauth2/authorize/system,1upHealth,davinci_pdex_patient_endpoint,,http://docs.1up.health/docs,,,
Availity/EDI Payer ID,CHA01,,,Cascade Health Alliance,https://api.cascadecompfhir.com/r4/public/Practitioner,1upHealth,davinci_pdex_provider_directory_endpoint,,http://docs.1up.health/docs,,,
Availity/EDI Payer ID,DOCSO,,,Advanced Health,https://api.advancedhealthfhir.com/r4,1upHealth,carin_bluebutton_endpoint,https://api.advancedhealthfhir.com/r4,http://docs.1up.health/docs,,,
Availity/EDI Payer ID,DOCSO,,,Advanced Health,https://auth.advancedhealthfhir.com/oauth2/authorize/system,1upHealth,davinci_pdex_patient_endpoint,,http://docs.1up.health/docs,,,
Availity/EDI Payer ID,DOCSO,,,Advanced Health,https://api.advancedhealthfhir.com/r4/public/Practitioner,1upHealth,davinci_pdex_provider_directory_endpoint,,http://docs.1up.health/docs,,,
CMS Contract ID,H5852,AIDS HEALTHCARE FOUNDATION,,"AIDS Healthcare Foundation (AHF), Positive Healthcare",https://api.ahffhir.com/r4,1upHealth,carin_bluebutton_endpoint,https://api.ahffhir.com/r4,http://docs.1up.health/docs,,,
CMS Contract ID,H5852,AIDS HEALTHCARE FOUNDATION,,AIDS Healthcare Foundation (AHF),https://auth.ahffhir.com/oauth2/authorize/system,1upHealth,davinci_pdex_patient_endpoint,,http://docs.1up.health/docs,,,
CMS Contract ID,H5852,AIDS HEALTHCARE FOUNDATION,,"AIDS Healthcare Foundation (AHF), Positive Healthcare",https://api.ahffhir.com/r4/public/Practitioner,1upHealth,davinci_pdex_provider_directory_endpoint,,http://docs.1up.health/docs,,,
Availity/EDI Payer ID,HPSM1,SAN MATEO HEALTH COMMISSION,,Health Plan San Mateo (HPSM),https://api.hpsmfhir.com/r4,1upHealth,carin_bluebutton_endpoint,https://api.hpsmfhir.com/r4,http://docs.1up.health/docs,,,
Availity/EDI Payer ID,HPSM1,SAN MATEO HEALTH COMMISSION,,Health Plan San Mateo (HPSM),https://auth.hpsmfhir.com/oauth2/authorize/system,1upHealth,davinci_pdex_patient_endpoint,,http://docs.1up.health/docs,,,
Availity/EDI Payer ID,HPSM1,SAN MATEO HEALTH COMMISSION,,Health Plan San Mateo (HPSM),https://api.hpsmfhir.com/r4/public/Practitioner,1upHealth,davinci_pdex_provider_directory_endpoint,,http://docs.1up.health/docs,,,
,,,,Positive Healthcare,https://auth.ahffhir.com/oauth2/authorize/system-positive,1upHealth,davinci_pdex_patient_endpoint,,http://docs.1up.health/docs,,,
,,,,Cox HealthPlans - MedicareAdvantage,https://auth.coxhealthplanfhir.com/oauth2/authorize/system-ma,1upHealth,davinci_pdex_patient_endpoint,,http://docs.1up.health/docs,,,
,,,,WellFirst Health (WFH),https://auth.deanhealthfhir.com/oauth2/authorize/system-wfh,1upHealth,davinci_pdex_patient_endpoint,,http://docs.1up.health/docs,,,
,,,,WFH provided by SSM Health Plan (WFH SSM),https://auth.deanhealthfhir.com/oauth2/authorize/system-wfh-ssm,1upHealth,davinci_pdex_patient_endpoint,,http://docs.1up.health/docs,,,
,,,,PREVEA360 (P360),https://auth.deanhealthfhir.com/oauth2/authorize/system-p360,1upHealth,davinci_pdex_patient_endpoint,,http://docs.1up.health/docs,,,
,,,,MMM Multihealth,https://auth.mmmhealthcarefhir.com/oauth2/authorize/mhprod,1upHealth,davinci_pdex_patient_endpoint,,http://docs.1up.health/docs,,,
,,"ASPIRUS HEALTH PLAN, INC.",,Aspirus,https://auth.ucarefhir.com/oauth2/authorize/system-aspirus,1upHealth,davinci_pdex_patient_endpoint,,http://docs.1up.health/docs,,,
,,,,Balance,https://auth.chinesecommunityhealthplanfhir.com/oauth2/authorize/system-balance,1upHealth,davinci_pdex_patient_endpoint,,http://docs.1up.health/docs,,,
,,CAPITAL HEALTH PLAN,,Capital Health Plan Medicare Advantage,https://auth.capitalhealthplanfhir.com/oauth2/authorize/system,1upHealth,davinci_pdex_patient_endpoint,,http://docs.1up.health/docs,,,
,,,,Capital Health Plan Commercial,https://auth.capitalhealthplanfhir.com/oauth2/authorize/system-chpcomm,1upHealth,davinci_pdex_patient_endpoint,,http://docs.1up.health/docs,,,
,,,,Cox HealthPlans - MedicareAdvantage,https://api.coxhealthplanfhir.com/r4/publicProdMa/Practitioner,1upHealth,davinci_pdex_provider_directory_endpoint,,http://docs.1up.health/docs,,,
,,,,The Health Plan (MHT),https://api.thehealthplanfhir.com/r4/publicMHT/Practitioner,1upHealth,davinci_pdex_provider_directory_endpoint,,http://docs.1up.health/docs,,,
,,,,The Health Plan (CHIP),https://api.thehealthplanfhir.com/r4/publicCHIP/Practitioner,1upHealth,davinci_pdex_provider_directory_endpoint,,http://docs.1up.health/docs,,,
,,,,MMM Multihealth,https://api.mmmhealthcarefhir.com/r4/public-mh/Practitioner,1upHealth,davinci_pdex_provider_directory_endpoint,,http://docs.1up.health/docs,,,
,,"ASPIRUS HEALTH PLAN, INC.",,Aspirus,https://api.ucarefhir.com/r4/publicAspirus/Practitioner,1upHealth,davinci_pdex_provider_directory_endpoint,,http://docs.1up.health/docs,,,
,,,,Balance,https://api.chinesecommunityhealthplanfhir.com/r4/publicBalance/Practitioner,1upHealth,davinci_pdex_provider_directory_endpoint,,http://docs.1up.health/docs,,,
,,CAPITAL HEALTH PLAN,,Capital Health Plan Medicare Advantage,https://api.capitalhealthplanfhir.com/r4/public-ma/Practitioner,1upHealth,davinci_pdex_provider_directory_endpoint,,http://docs.1up.health/docs,,,
,,,,Capital Health Plan Commercial,https://api.capitalhealthplanfhir.com/r4/public-comm/Practitioner,1upHealth,davinci_pdex_provider_directory_endpoint,,http://docs.1up.health/docs,,,