"Contract Number","Plan Count","Organization Name","Organization Marketing Name","Parent Organization"
"90091","0","UNITED MINE WORKERS OF AMERICA HLTH & RETIREMENT","United Mine Workers of America Health & Retirement","UMWA Health and Retirement Funds"
"E3014","2","PSERS HOP PROGRAM","Pennsylvania Public School Employees Retirement Sy","Commonwealth of PA Pub Schools Retirement System"
"H0016","2","LIFE COORDINATED COMMONWEALTH PACE INC","LIFE COORDINATED COMMONWEALTH PACE INC","LIFE COORDINATED COMMONWEALTH PACE, Inc"
"H0028","46","CHA HMO, INC.","Humana","Humana Inc."
"H0029","5","COORDINATED CARE OF WASHINGTON, INC.","Wellcare","Centene Corporation"
"H0034","2","HAMASPIK, INC.","Hamaspik, Inc.","Hamaspik of Rockland County, Inc."
"H0062","2","SUPERIOR HEALTHPLAN, INC.","Wellcare","Centene Corporation"
"H0074","2","WELLCARE OF MISSISSIPPI, INC.","Wellcare","Centene Corporation"
"H0104","12","BLUE CROSS AND BLUE SHIELD OF ALABAMA","Blue Cross and Blue Shield of Alabama","BlueCross BlueShield of Alabama"
"H0105","2","Orangeburg Senior Helping Center, LLC","Orangeburg Senior Helping Center: A PACE Healthcare Program","Orangeburg Senior Helping Center, LLC"
"H0107","27","HEALTH CARE SERVICE CORPORATION","Blue Cross and Blue Shield of Montana","Health Care Service Corporation"
"H0111","3","WELLCARE OF GEORGIA, INC.","Wellcare","Centene Corporation"
"H0112","2","MORSE LIFE HOME CARE, INC.","Palm Beach PACE","Morse Life Home Care, Inc."
"H0154","10","VIVA HEALTH, INC.","VIVA Medicare","Triton Health Systems, L.L.C."
"H0169","8","UNITEDHEALTHCARE OF WISCONSIN, INC.","UnitedHealthcare","UnitedHealth Group, Inc."
"H0174","17","WELLCARE OF TEXAS, INC.","Wellcare","Centene Corporation"
"H0216","2","PACE IOWA","Immanuel Pathways Iowa","Immanuel"
"H0235","2","PACE OF NORTHEAST INDIANA, LLC","PACE of Northeast Indiana, LLC","Aging & In-Home Services of Northeast Indiana, Inc"
"H0251","3","UNITEDHEALTHCARE PLAN OF THE RIVER VALLEY, INC.","UnitedHealthcare","UnitedHealth Group, Inc."
"H0270","1","WELLCARE HEALTH INSURANCE COMPANY OF AMERICA","Wellcare","Centene Corporation"
"H0292","3","HUMANA HEALTH PLAN OF OHIO, INC.","Humana","Humana Inc."
"H0294","14","UNITEDHEALTHCARE INSURANCE COMPANY","UnitedHealthcare","UnitedHealth Group, Inc."
"H0302","4","MEDISUN, INC.","Blue Cross Blue Shield of Arizona (AZ Blue)","Blue Cross Blue Shield of Arizona"
"H0321","2","ARIZONA PHYSICIANS IPA, INC.","UnitedHealthcare","UnitedHealth Group, Inc."
"H0332","16","KS PLAN ADMINISTRATORS, LLC","KelseyCare Advantage","UnitedHealth Group, Inc."
"H0342","5","CAREPARTNERS OF CONNECTICUT, INC.","CarePartners of Connecticut","Point32Health, Inc."
"H0351","12","HEALTH NET OF ARIZONA, INC.","Wellcare","Centene Corporation"
"H0354","7","BRAVO HEALTH PENNSYLVANIA, INC.","HealthSpring","Health Care Service Corporation"
"H0363","1","LONGEVITY HEALTH PLAN OF COLORADO, INC.","Longevity Health Plan","Longevity Health Founders, LLC"
"H0390","2","PACE OF SOUTHWEST MICHIGAN, INC.","PACE of Southwest Michigan","PACE of Southwest Michigan, Inc."
"H0413","3","DEVOTED HEALTH INSURANCE COMPANY OF DELAWARE","Devoted Health","Devoted Health, Inc."
"H0421","1","CARE IMPROVEMENT PLUS SOUTH CENTRAL INSURANCE CO.","UnitedHealthcare","UnitedHealth Group, Inc."
"H0423","3","METROPLUS HEALTH PLAN, INC.","MetroPlus Health Plan","New York City Health and Hospitals Corporation"
"H0424","2","INNOVAGE FLORIDA PACE II, LLC","InnovAge Florida PACE - Orlando","Total Community Options, Inc."
"H0432","6","UNITEDHEALTHCARE OF THE MIDLANDS, INC.","UnitedHealthcare","UnitedHealth Group, Inc."
"H0439","20","HEALTHSPRING LIFE & HEALTH INSURANCE COMPANY, INC.","HealthSpring","Health Care Service Corporation"
"H0440","2","EMPATH LIFE, INC.","Empath LIFE","Empath Health, Inc."
"H0473","3","HUMANA INSURANCE COMPANY OF KENTUCKY","Humana","Humana Inc."
"H0477","2","SERENITY CARE, INC.","Serenity Care PACE","Serenity Care, Inc."
"H0504","16","CALIFORNIA PHYSICIANS' SERVICE","Blue Shield of California","California Physicians' Service"
"H0523","15","AETNA HEALTH OF CALIFORNIA INC.","Aetna Medicare","CVS Health Corporation"
"H0524","39","KAISER FOUNDATION HP, INC.","Kaiser Permanente","Kaiser Foundation Health Plan, Inc."
"H0542","2","ALTAMED HEALTH SERVICES CORPORATION","AltaMed Health Services Corporation","Altamed Health Services Corporation"
"H0543","46","UHC OF CALIFORNIA","UnitedHealthcare","UnitedHealth Group, Inc."
"H0544","28","BLUE CROSS OF CALIFORNIA","Anthem Blue Cross","Elevance Health, Inc."
"H0562","12","HEALTH NET OF CALIFORNIA, INC.","Wellcare","Centene Corporation"
"H0571","5","CHINESE COMMUNITY HEALTH PLAN","CCHP (Chinese Community Health Plan)","Chinese Hospital Association"
"H0609","67","UnitedHealthcare Benefits of Texas, Inc.","UnitedHealthcare","UnitedHealth Group, Inc."
"H0613","2","TOTAL LONGTERM CARE, INC.","InnovAge Colorado PACE","Total Community Options, Inc."
"H0624","2","UnitedHealthcare Benefits of Texas, Inc.","UnitedHealthcare","UnitedHealth Group, Inc."
"H0628","26","AETNA HEALTH OF OHIO INC.","Aetna Medicare","CVS Health Corporation"
"H0629","4","ANTHEM INSURANCE COMPANIES, INC.","Anthem Blue Cross and Blue Shield","Elevance Health, Inc."
"H0630","23","KAISER FOUNDATION HP OF CO","Kaiser Permanente","Kaiser Foundation Health Plan, Inc."
"H0672","11","HEALTHSPRING HEALTHCARE OF COLORADO, INC.","HealthSpring","Health Care Service Corporation"
"H0710","54","CARE IMPROVEMENT PLUS SOUTH CENTRAL INSURANCE CO.","UnitedHealthcare","UnitedHealth Group, Inc."
"H0712","4","WELLCARE OF CONNECTICUT, INC.","Wellcare","Centene Corporation"
"H0724","1","BUCKEYE HEALTH PLAN COMMUNITY SOLUTIONS, Inc.","Wellcare","Centene Corporation"
"H0725","2","WELLQUEST RIVER VALLEY, LLC","WellQuest River Valley","WellQuest River Valley, LLC"
"H0738","2","AmeriHealth Caritas VIP Next, Inc.","AmeriHealth Caritas VIP Care (HMO-D-SNP)","Independence Health Group, Inc."
"H0755","15","CARE IMPROVEMENT PLUS SOUTH CENTRAL INSURANCE CO.","UnitedHealthcare","UnitedHealth Group, Inc."
"H0764","1","UNITEDHEALTHCARE OF NEW ENGLAND, INC.","UnitedHealthcare","UnitedHealth Group, Inc."
"H0777","1","MASS GENERAL BRIGHAM HEALTH PLAN, INC","Mass General Brigham Health Plan","Mass General Brigham Incorporated"
"H0783","1","HUMANA BENEFIT PLAN OF TEXAS, INC.","Humana","Humana Inc."
"H0809","2","MERCY LIFE, INC.","Mercy LIFE","Trinity Health Corporation"
"H0816","2","BESHP, INC.","MyAdvocate Medicare Advantage","Sanford Health"
"H0819","2","SENIOR LIFE YORK, INC.","Senior LIFE York","Senior LIFE York, Inc."
"H0839","2","VOANS SENIOR COMMUNITY CARE OF NORTH CAROLINA, INC","Senior CommUnity Care of North Carolina","Volunteers of America National Services"
"H0870","2","BLUE RIDGE INDEPENDENCE AT HOME, INC.","Blue Ridge Independence at Home","Blue Ridge Hospice, Inc."
"H0885","18","HEALTHIER NEW JERSEY INSURANCE COMPANY","Braven Health","Horizon Mutual Holdings, Inc"
"H0907","2","WELLPOINT IOWA, INC.","Wellpoint","Elevance Health, Inc."
"H0908","6","BUCKEYE COMMUNITY HEALTH PLAN, INC.","Wellcare","Centene Corporation"
"H0913","6","WELLCARE HEALTH PLANS OF NEW JERSEY, INC.","Wellcare","Centene Corporation"
"H0934","2","PACIFIC PACE, LLC","WelbeHealth","WelbeHealth LLC."
"H0963","1","HUMANA MEDICAL PLAN OF MICHIGAN, INC.","Humana","Humana Inc."
"H0976","2","SCAN HEALTH PLAN","SCAN Health Plan","SCAN Group"
"H0978","8","SCAN HEALTH PLAN NEVADA, INC.","SCAN Health Plan","SCAN Group"
"H0982","24","SOLIS HEALTH PLANS, INC.","Solis Health Plans","Athena Healthcare Holdings, LLC"
"H1019","33","CAREPLUS HEALTH PLANS, INC.","CarePlus Health Plans, Inc.","Humana Inc."
"H1032","23","Sunshine State Health Plan, Inc.","Wellcare","Centene Corporation"
"H1035","19","FLORIDA BLUE MEDICARE, INC.","Florida Blue HMO","Guidewell Mutual Holding Corporation"
"H1036","108","HUMANA MEDICAL PLAN, INC.","Humana","Humana Inc."
"H1043","2","FLORIDA PACE CENTERS, INC.","Florida Pace Centers, Inc.","Miami Jewish Health Systems, Inc."
"H1045","36","PREFERRED CARE PARTNERS, INC.","UnitedHealthcare","UnitedHealth Group, Inc."
"H1099","11","HEALTH FIRST HEALTH PLANS","Health First Health Plans, Inc.","Health First Shared Services, Inc."
"H1109","3","AETNA HEALTH INC. (GA)","Aetna Medicare","CVS Health Corporation"
"H1112","12","WELLCARE OF GEORGIA, INC.","Wellcare","Centene Corporation"
"H1119","1","TSG GUARD, INC.","Valor Health Plan","The Schroer Group, Inc."
"H1170","12","KAISER FOUNDATION HP OF GA, INC.","Kaiser Permanente","Kaiser Foundation Health Plan, Inc."
"H1181","1","NETWORK HEALTH INSURANCE CORPORATION","Network Health Medicare Advantage Plans","Network Health, Inc."
"H1188","2","ONE SENIOR CARE OHIO, LLC","Buckeye PACE","One Senior Care, Inc."
"H1189","8","CHRISTUS HEALTH PLAN","CHRISTUS Health Advantage","CHRISTUS Health"
"H1206","6","COVENTRY HEALTH CARE OF ILLINOIS, INC.","Aetna Medicare","CVS Health Corporation"
"H1212","3","WELLPOINT WEST VIRGINIA , INC.","Wellpoint","Elevance Health, Inc."
"H1215","3","NEBRASKA TOTAL CARE, INC.","Wellcare","Centene Corporation"
"H1219","2","WELBEHEALTH SAN BERNARDINO PACE, LLC","WELBEHEALTH","WelbeHealth LLC."
"H1224","1","LOCAL INITIATIVE HEALTH AUTHORITY FOR LA COUNTY","L.A. Care Health Plan","Local Initiative Health Authority for LA County"
"H1225","3","HOPKINS HEALTH ADVANTAGE, INC.","Johns Hopkins Advantage MD","Johns Hopkins Healthcare LLC"
"H1228","2","GOLDEN VALLEY HEALTH CENTERS","Central Valley PACE","Golden Valley Health Centers"
"H1230","7","KAISER FOUNDATION HP, INC.","Kaiser Permanente","Kaiser Foundation Health Plan, Inc."
"H1234","2","CAPITAL HEALTH LIFE","Capital Health LIFE","Capital Healthcare, INC."
"H1239","2","INNOVAGE VIRGINIA PACE-ROANOKE VALLEY, LLC","InnovAge Virginia PACE- Roanoke Valley","Total Community Options, Inc."
"H1248","6","LOUISIANA HEALTH SERVICE & INDEMNITY COMPANY","Blue Cross and Blue Shield of Louisiana","Louisiana Health Service & Indemnity Company"
"H1278","19","CARE IMPROVEMENT PLUS SOUTH CENTRAL INSURANCE CO.","UnitedHealthcare","UnitedHealth Group, Inc."
"H1280","1","ETERNALHEALTH, INC.","eternalHealth","Eternal Health of Delaware, Inc."
"H1285","2","UNITEDHEALTHCARE COMMUNITY PLAN OF OHIO, INC.","UnitedHealthcare Community Plan","UnitedHealth Group, Inc."
"H1290","72","DEVOTED HEALTH PLAN OF FLORIDA, INC.","Devoted Health","Devoted Health, Inc."
"H1302","4","BLUE CROSS OF IDAHO HEALTH SERVICE, INC.","Blue Cross of Idaho","Gemstone Holdings, Inc."
"H1304","4","REGENCE BLUESHIELD OF IDAHO, INC.","Regence BlueShield of Idaho","Cambia Health Solutions, Inc."
"H1310","2","COMPREHENSIVE SENIOR CARE CORPORATION","Senior Care Partners P.A.C.E.","Comprehensive Senior Care Corporation"
"H1312","2","TRINITY HEALTH PACE OF ALEXANDRIA","Trinity Health PACE of Alexandria","Trinity Health Corporation"
"H1339","1","JOHNS HOPKINS HEALTH PLAN OF VIRGINIA, INC.","Johns Hopkins Advantage MD","Johns Hopkins Healthcare LLC"
"H1347","3","PATRIUS HEALTH, INC.","Patrius Health","BlueCross BlueShield of Alabama"
"H1350","12","BLUE CROSS OF IDAHO HEALTH SERVICE, INC.","Blue Cross of Idaho","Gemstone Holdings, Inc."
"H1357","2","CAROLINA SENIORCARE","Carolina SeniorCare","EveryAge"
"H1360","3","UnitedHealthcare Benefits of Texas, Inc.","UnitedHealthcare","UnitedHealth Group, Inc."
"H1365","4","MARTIN'S POINT GENERATIONS ADVANTAGE, INC.","Martin's Point Generations Advantage","Martin's Point Health Care, Inc."
"H1372","3","MARQUIS ADVANTAGE, INC.","AgeRight Advantage","Marquis Companies I, Inc."
"H1395","4","NEBRASKA TOTAL CARE, INC.","Wellcare","Centene Corporation"
"H1396","1","HUMANA BENEFIT PLAN OF SOUTH CAROLINA, INC.","Humana","Humana Inc."
"H1416","22","HARMONY HEALTH PLAN,  INC.","Wellcare","Centene Corporation"
"H1423","7","WELLPOINT HEALTH PLANS, INC.","Wellpoint","Elevance Health, Inc."
"H1468","8","HUMANA BENEFIT PLAN OF ILLINOIS, INC.","Humana","Humana Inc."
"H1486","1","COMMONWEALTH CARE ALLIANCE, INC.","Commonwealth Care Alliance, Inc.","CareSource"
"H1500","2","LIFE ST. JOSEPH OF THE PINES, INC.","LIFE St. Joseph of the Pines","Trinity Health Corporation"
"H1518","2","CATHOLIC HEALTH SYSTEM BUFFALO PACE","Catholic Health LIFE","Catholic Health System, Inc."
"H1526","6","GOLD KIDNEY OF FLORIDA INC","Gold Kidney Health Plan","Gold Kidney Health Plan"
"H1533","2","STAYWELL SENIOR CARE, INC.","StayWell Senior Care","American Healthcare Systems, LLC"
"H1537","58","UNITEDHEALTHCARE INSURANCE COMPANY","UnitedHealthcare","UnitedHealth Group, Inc."
"H1544","2","LA COAST PACE, LLC","WelbeHealth","WelbeHealth LLC."
"H1587","2","ARKANSAS SUPERIOR SELECT, INC.","Arkansas Superior Select Health Plans","Select Founders, LLC"
"H1607","11","ANTHEM INSURANCE COMPANIES, INC.","Anthem Blue Cross and Blue Shield","Elevance Health, Inc."
"H1608","38","COVENTRY HEALTH AND LIFE INSURANCE COMPANY","Aetna Medicare","CVS Health Corporation"
"H1609","51","AETNA HEALTH INC. (FL)","Aetna Medicare","CVS Health Corporation"
"H1610","1","COVENTRY HEALTH CARE OF VIRGINIA, INC.","Aetna Medicare","CVS Health Corporation"
"H1611","1","MASS GENERAL BRIGHAM HEALTH PLAN, INC","Mass General Brigham Health Plan","Mass General Brigham Incorporated"
"H1619","3","PARTNERS INSURANCE COMPANY INC","Jefferson Health Plans","Thomas Jefferson University"
"H1622","2","NORTH EAST MEDICAL SERVICES","North East Medical Services - Program of All-Inclusive Care for the Elderly (PACE)","North East Medical Services"
"H1644","1","LONGEVITY HEALTH PLAN OF FLORIDA, INC.","Longevity Health Plan","Longevity Health Founders, LLC"
"H1651","9","MEDICAL ASSOCIATES HEALTH PLAN, INC.","Medical Associates Health Plan, Inc.","Medical Associates Clinic, P.C."
"H1659","1","CARE IMPROVEMENT PLUS SOUTH CENTRAL INSURANCE CO.","UnitedHealthcare","UnitedHealth Group, Inc."
"H1664","4","HOME STATE HEALTH PLAN, INC.","Wellcare","Centene Corporation"
"H1666","17","HCSC INSURANCE SERVICES COMPANY","Blue Cross and Blue Shield of NM, TX","Health Care Service Corporation"
"H1671","1","IMPERIAL COUNTY LOCAL HEALTH AUTHORITY","Community Health Plan of Imperial Valley","IMPERIAL COUNTY LOCAL HEALTH AUTHORITY"
"H1692","6","COVENTRY HEALTH CARE OF WEST VIRGINIA, INC.","Aetna Medicare","CVS Health Corporation"
"H1693","2","FAMILY HEALTH CENTERS OF SAN DIEGO, INC","Family Health-Center for Older Adults","Family Health Centers of San Diego"
"H1714","2","VIA CHRISTI HEALTHCARE OUTREACH FOR ELDERS, INC.","Ascension Living HOPE","Ascension Health Alliance"
"H1722","1","HEALTHFIRST HEALTH PLAN, INC.","Healthfirst Medicare Plan","Healthfirst, Inc."
"H1742","2","ASCENSION LIVING ST. VINCENT PACE, INC.","Ascension Living St. Vincent PACE","Ascension Health Alliance"
"H1787","2","SANFORD HEALTH PLAN","Great Plains Medicare Advantage","Sanford Health"
"H1799","3","MOLINA HEALTHCARE OF KENTUCKY, INC.","Passport Advantage","Molina Healthcare, Inc."
"H1822","10","SCAN DESERT HEALTH PLAN, INC.","SCAN Health Plan","SCAN Group"
"H1846","7","MOUNT CARMEL HEALTH INSURANCE COMPANY","MediGold","Trinity Health Corporation"
"H1862","4","WELLCARE OF IOWA, INC.","Wellcare","Centene Corporation"
"H1889","25","CARE IMPROVEMENT PLUS SOUTH CENTRAL INSURANCE CO.","UnitedHealthcare","UnitedHealth Group, Inc."
"H1894","2","WELLPOINT WASHINGTON, INC.","Wellpoint","Elevance Health, Inc."
"H1904","2","PACE GREATER NEW ORLEANS","Pace Greater New Orleans","Catholic Charities Archdiocese of New Orleans"
"H1914","7","WELLCARE HEALTH INSURANCE OF CONNECTICUT, INC.","Wellcare","Centene Corporation"
"H1917","2","WELBEHEALTH INLAND EMPIRE PACE, LLC","WELBEHEALTH","WelbeHealth LLC."
"H1947","3","COMMUNITY CARE HEALTH PLAN OF LOUISIANA, INC.","Healthy Blue","Elevance Health, Inc."
"H1951","24","HUMANA HEALTH BENEFIT PLAN OF LOUISIANA, INC.","Humana","Humana Inc."
"H1961","14","PEOPLES HEALTH, INC.","Peoples Health","UnitedHealth Group, Inc."
"H1969","1","REGENCE BLUESHIELD OF IDAHO, INC.","Regence BlueShield of Idaho","Cambia Health Solutions, Inc."
"H1980","2","HOSPICE OF THE BLUEGRASS, INC","Bluegrass PACE Care","Hospice of the Bluegrass, Inc."
"H1993","7","ASTIVA HEALTH, INC.","Astiva Health","Astiva Health Holdings Incorporated"
"H1994","19","SELECTHEALTH, INC.","Select Health","Intermountain Health Care, Inc."
"H1997","1","REGENCE BLUESHIELD","Regence BlueShield","Cambia Health Solutions, Inc."
"H2001","170","SIERRA HEALTH AND LIFE INSURANCE COMPANY, INC.","UnitedHealthcare","UnitedHealth Group, Inc."
"H2029","12","HUMANA INSURANCE OF PUERTO RICO, INC.","Humana","Humana Inc."
"H2032","8","Baylor Scott & White Insurance Company","Baylor Scott & White Health Plan","Baylor Scott & White Health"
"H2034","1","COMMUNITY CARE HEALTH PLAN, INC.","Community Care","CareSource"
"H2035","1","ALAMEDA ALLIANCE FOR HEALTH","Alameda Alliance for Health","Alameda Alliance for Health"
"H2041","16","DEVOTED HEALTH PLAN OF MISSOURI INC","Devoted Health","Devoted Health, Inc."
"H2056","4","AETNA BETTER HEALTH OF MICHIGAN INC.","Aetna Medicare","CVS Health Corporation"
"H2064","2","GEISINGER COMMUNITY HEALTH SERVICES","LIFE Geisinger","Risant Health, Inc."
"H2085","2","COLLABRIA CARE","Providence PACE","St. Joseph Home Care Network"
"H2108","9","BRAVO HEALTH MID-ATLANTIC, INC.","HealthSpring","Health Care Service Corporation"
"H2109","2","THE JOHNS HOPKINS HEALTH SYSTEM CORPORATION","Hopkins ElderPlus","The Johns Hopkins Health System Corporation"
"H2117","3","MERIDIAN HEALTH PLAN OF MICHIGAN, INC.","Wellcare","Centene Corporation"
"H2126","1","NEIGHBORHOOD HEALTH PLAN OF RHODE ISLAND","Neighborhood Health Plan of Rhode Island","NEIGHBORHOOD HEALTH PLAN OF RHODE ISLAND"
"H2162","1","WELLCARE OF NEW HAMPSHIRE, INC.","Wellcare","Centene Corporation"
"H2168","3","VILLAGE SENIOR SERVICES CORPORATION","VillageCareMAX","Village Care of New York, Inc."
"H2172","23","KAISER FDTN HLTH PLAN OF THE MID-ATLANTIC STATES","Kaiser Permanente","Kaiser Foundation Health Plan, Inc."
"H2174","3","TRILLIUM COMMUNITY HEALTH PLAN, INC.","Wellcare","Centene Corporation"
"H2185","2","LIFEWORKS ADVANTAGE, LLC","Lifeworks Advantage","Curana Health Holdings, LLC"
"H2218","2","HARBOR HEALTH SERVICES, INC.","Elder Service Plan of Harbor Health Services, Inc","Harbor Health Services, Inc."
"H2219","2","FALLON COMMUNITY HEALTH PLAN","Fallon Health","Fallon Community Health Plan, Inc."
"H2220","2","UPHAMS CORNER HEALTH COMMITTEE, INC.","Upham's PACE","Uphams Corner Health Committee, Inc."
"H2221","2","CAMBRIDGE PUBLIC HEALTH COMMISSION","CHA PACE","Cambridge Health Alliance"
"H2222","2","ELEMENT CARE, INC.","Element Care, Inc","Element Care, Inc."
"H2223","2","NEIGHBORHEALTH CORPORATION","Neighborhood PACE","NEIGHBORHEALTH CORPORATION"
"H2224","2","SENIOR WHOLE HEALTH, LLC","Molina Healthcare of Massachusetts","Molina Healthcare, Inc."
"H2225","1","COMMONWEALTH CARE ALLIANCE, INC.","Commonwealth Care Alliance Massachusetts","CareSource"
"H2226","2","UnitedHealthcare of New England, Inc.","UnitedHealthcare","UnitedHealth Group, Inc."
"H2230","6","BCBS  OF MASSACHUSETTS HMO BLUE, INC.","Blue Cross Blue Shield of Massachusetts","Blue Cross and Blue Shield of Massachusetts, Inc."
"H2235","3","BAYCARE SELECT HEALTH PLANS, INC.","BayCare Health Plans","BayCare Health System, Inc."
"H2237","1","INDEPENDENT CARE HEALTH PLAN","iCare","Humana Inc."
"H2247","4","UNITEDHEALTHCARE COMMUNITY PLAN, INC.","UnitedHealthcare","UnitedHealth Group, Inc."
"H2256","18","TUFTS ASSOCIATED HEALTH MAINTENANCE ORGANIZATION","Tufts Health Plan","Point32Health, Inc."
"H2261","6","BCBS  OF MASSACHUSETTS HMO BLUE, INC.","Blue Cross Blue Shield of Massachusetts","Blue Cross and Blue Shield of Massachusetts, Inc."
"H2272","2","UNITEDHEALTHCARE OF NEW ENGLAND, INC.","UnitedHealthcare","UnitedHealth Group, Inc."
"H2292","2","CARE IMPROVEMENT PLUS SOUTH CENTRAL INSURANCE CO.","UnitedHealthcare","UnitedHealth Group, Inc."
"H2293","17","SILVERSCRIPT INSURANCE COMPANY","Aetna Medicare","CVS Health Corporation"
"H2318","2","PACE SOUTHEAST MICHIGAN","PACE Southeast Michigan","Henry Ford Health System"
"H2320","17","PRIORITY HEALTH","Priority Health Medicare","Corewell Health"
"H2322","7","ALLIANCE HEALTH AND LIFE INSURANCE COMPANY","Health Alliance Plan by Henry Ford Health","Henry Ford Health System"
"H2354","10","HEALTH ALLIANCE PLAN OF MICHIGAN","Health Alliance Plan by Henry Ford Health","Henry Ford Health System"
"H2368","2","INNOVAGE CALIFORNIA PACE-SACRAMENTO, LLC","InnovAge California PACE - Sacramento","Total Community Options, Inc."
"H2384","2","SEQUOIA PACE, LLC","WelbeHealth","WelbeHealth LLC."
"H2385","4","UNITEDHEALTHCARE INSURANCE COMPANY","UnitedHealthcare","UnitedHealth Group, Inc."
"H2386","2","APPALACHIAN AGENCY FOR SENIOR CITIZENS, INC.","Appalachian Agency for Senior Citizens, Inc,","Appalachian Agency for Senior Citizens, Inc."
"H2392","2","KANSAS SUPERIOR SELECT, INC.","Kansas Health Advantage","Kansas Superior Select"
"H2397","2","PACE AT HUDSON HEADWATERS, INC.","PACE at Hudson Headwaters, Inc.","PACE AT HUDSON HEADWATERS, INC."
"H2400","2","SIGNATURE ADVANTAGE, LLC","Abilis Health (HMO SNP)","BrightSpring Health Services, Inc."
"H2406","76","CARE IMPROVEMENT PLUS SOUTH CENTRAL INSURANCE CO.","UnitedHealthcare","UnitedHealth Group, Inc."
"H2416","1","PRIMEWEST RURAL MN HEALTH CARE ACCESS INITIATIVE","PrimeWest Health","PrimeWest Rural MN Health Care Access Initiative"
"H2417","1","ITASCA MEDICAL CARE","Itasca Medical Care/IMCare Classic","Itasca County"
"H2419","1","SOUTH COUNTRY HEALTH ALLIANCE","South Country Health Alliance","South Country Health Alliance"
"H2422","1","HEALTHPARTNERS, INC.","HealthPartners","HealthPartners, Inc."
"H2425","1","HMO Minnesota","Blue Plus","Aware Integrated, Inc."
"H2441","1","ANTHEM INSURANCE COMPANIES, INC.","Anthem Blue Cross and Blue Shield","Elevance Health, Inc."
"H2445","5","UNITEDHEALTHCARE OF THE MID-ATLANTIC, INC.","UnitedHealthcare","UnitedHealth Group, Inc."
"H2450","19","MEDICA INSURANCE COMPANY","Medica","Medica Holding Company"
"H2458","1","MEDICA HEALTH PLANS","Medica","Medica Holding Company"
"H2461","6","BCBSM, Inc.","Blue Cross and Blue Shield of Minnesota","Aware Integrated, Inc."
"H2462","5","HEALTHPARTNERS, INC.","HealthPartners","HealthPartners, Inc."
"H2463","1","HUMANA HEALTH PLAN OF TEXAS, INC.","Humana","Humana Inc."
"H2478","1","MOLINA HEALTHCARE OF NEVADA INC","Molina Healthcare of Nevada","Molina Healthcare, Inc."
"H2486","7","HUMANA MEDICAL PLAN OF UTAH, INC.","Humana","Humana Inc."
"H2491","9","WELLCARE HEALTH INSURANCE OF ARIZONA, INC.","Wellcare","Centene Corporation"
"H2509","3","UNITEDHEALTHCARE OF FLORIDA, INC.","UnitedHealthcare","UnitedHealth Group, Inc."
"H2526","3","DEVOTED HEALTH PLAN OF OHIO INC","Devoted Health","Devoted Health, Inc."
"H2541","2","AGEWELL PACE","AgeWell PACE","AgeWell PACE"
"H2563","1","SENTARA HEALTH PLANS","Sentara Medicare","Sentara Health Care (SHC)"
"H2564","1","AMERIHEALTH CARITAS LOUISIANA, INC.","AmeriHealth Caritas VIP Care (HMO-SNP)","Independence Health Group, Inc."
"H2593","16","WELLPOINT TEXAS, INC.","Wellpoint","Elevance Health, Inc."
"H2610","14","ESSENCE HEALTHCARE, INC.","Essence Healthcare","Lumeris Group Holdings Corporation"
"H2624","1","CARE N' CARE INSURANCE COMPANY OF NORTH CAROLINA","HealthTeam Advantage","Risant Health, Inc."
"H2628","4","COMMUNITY INSURANCE COMPANY","Anthem Blue Cross and Blue Shield","Elevance Health, Inc."
"H2630","2","VERDA HEALTH PLAN OF ARIZONA, INC.","Verda Health Plan of Arizona","Verda Healthcare, Inc."
"H2663","33","COVENTRY HEALTH CARE OF MISSOURI, INC.","Aetna Medicare","CVS Health Corporation"
"H2686","7","DEVOTED HEALTH INSURANCE COMPANY OF HAWAII INC","Devoted Health","Devoted Health, Inc."
"H2687","1","WELLPOINT SOUTH CAROLINA, INC.","Wellpoint","Elevance Health, Inc."
"H2694","2","ETERNALHEALTH, INC.","eternalHealth","Eternal Health of Delaware, Inc."
"H2697","16","DEVOTED HEALTH PLAN OF OHIO, INC.","Devoted Health","Devoted Health, Inc."
"H2704","2","KAISER FOUNDATION HP, INC.","Kaiser Permanente","Kaiser Foundation Health Plan, Inc."
"H2715","2","MOLINA HEALTHCARE OF ILLINOIS INC","Molina Healthcare of Illinois","Molina Healthcare, Inc."
"H2737","4","HEALTH NEW ENGLAND, INC.","Health New England Medicare Advantage Plans","Baystate Health, Inc."
"H2752","1","BRAVO HEALTH PENNSYLVANIA, INC.","HealthSpring","Health Care Service Corporation"
"H2775","7","AMERICAN PROGRESSIVE LIFE & HLTH INS COMPANY OF NY","Wellcare","Centene Corporation"
"H2802","62","UNITEDHEALTHCARE OF THE MIDLANDS, INC.","UnitedHealthcare","UnitedHealth Group, Inc."
"H2815","2","VOANS SENIOR COMMUNITY CARE OF COLORADO, INC","Senior CommUnity Care of Colorado","Volunteers of America National Services"
"H2816","5","AMERICAN PROGRESSIVE LIFE & HLTH INS COMPANY OF NY","Wellcare","Centene Corporation"
"H2819","1","CALIFORNIA PHYSICIANS' SERVICE","Blue Shield of California","California Physicians' Service"
"H2835","2","THE CASCADE PACE, INC.","Thome PACE","United Methodist Retirement Communities, Inc."
"H2836","2","ANTHEM HEALTH PLANS, INC.","Anthem Blue Cross and Blue Shield","Elevance Health, Inc."
"H2845","8","DEVOTED HEALTH INSURANCE COMPANY OF OKLAHOMA","Devoted Health","Devoted Health, Inc."
"H2853","1","CENTENE VENTURE COMPANY TENNESSEE","Ascension Complete","Centene Corporation"
"H2875","6","HUMANA WI HEALTH ORGANIZATION INSURANCE CORP","Humana","Humana Inc."
"H2882","2","PACE CENTRAL MICHIGAN, INC.","PACE Central Michigan","PACE Central Michigan, Inc."
"H2915","5","PENNSYLVANIA HEALTH & WELLNESS, INC.","Wellcare","Centene Corporation"
"H2918","2","Advocates for a Healthy Community, Inc. dba Jordan","Jordan Valley Senior Care","Advocates for a Healthy Community, Inc."
"H2923","6","DEVOTED HEALTH PLAN OF OREGON INC","Devoted Health","Devoted Health, Inc."
"H2926","1","PRIMEWEST RURAL MN HEALTH CARE ACCESS INITIATIVE","PrimeWest Health","PrimeWest Rural MN Health Care Access Initiative"
"H2936","2","LIFECIRCLES","LIFECIRCLES","LifeCircles"
"H2937","2","SENIOR LIFE GREENSBURG, INC.","Senior LIFE Greensburg","Senior LIFE Greensburg, Inc."
"H2941","2","SENTARA LIFE CARE CORPORATION, INC","Sentara PACE","Sentara Health Care (SHC)"
"H2942","3","COX HEALTH SYSTEMS HMO INC","Cox HealthPlans","CoxHealth"
"H2960","8","HOMETOWN HEALTH PLAN, INC.","Kaiser Permanente","Kaiser Foundation Health Plan, Inc."
"H2962","16","ULTIMATE HEALTH PLANS, INC.","Ultimate Health Plans","Ultimate Healthcare Holdings, LLC"
"H2992","4","SENIORLIFE WASHINGTON, INC.","Senior LIFE Washington / Uniontown / Greene","SeniorLife Washington, Inc."
"H3038","2","MOLINA HEALTHCARE OF CALIFORNIA","Molina Healthcare of California","Molina Healthcare, Inc."
"H3041","2","DEVOTED HEALTH PLAN OF SOUTH CAROLINA INC","Devoted Health","Devoted Health, Inc."
"H3048","3","SECUR INC","SECUR Health Plan","Chapters CareNu Inc"
"H3060","2","VIECARE BUTLER, LLC","LIFE Butler County","Lutheran SeniorLife"
"H3080","6","DEVOTED HEALTH PLAN OF ALABAMA INC","Devoted Health","Devoted Health, Inc."
"H3084","2","INTERNATIONAL COMMUNITY HEALTH SERVICES","International Community Health Services","International Community Health Services"
"H3093","5","MOLINA HEALTHCARE OF ILLINOIS, INC.","Molina Healthcare of Illinois","Molina Healthcare, Inc."
"H3113","5","OXFORD HEALTH PLANS (NJ), INC.","UnitedHealthcare","UnitedHealth Group, Inc."
"H3124","2","PARTNERS INSURANCE COMPANY OF NEW JERSEY INC","Jefferson Health Plans","Thomas Jefferson University"
"H3127","1","UPPER PENINSULA HEALTH PLAN, LLC","Upper Peninsula Health Plan (UPHP) MI Coordinated Health","DLP Marquette Health Plan, LLC"
"H3138","3","KAISER PERMANENTE INSURANCE COMPANY","Kaiser Permanente","Kaiser Foundation Health Plan, Inc."
"H3146","22","AETNA BETTER HEALTH INC. (GA)","Aetna Medicare","CVS Health Corporation"
"H3152","8","AETNA HEALTH INC. (NJ)","Aetna Medicare","CVS Health Corporation"
"H3170","1","SAPPHIRE EDGE, INC.","Blue Cross and Blue Shield of Nebraska","Blue Cross Blue Shield of Nebraska"
"H3186","2","SANFORD HEALTH PLAN OF MINNESOTA","Align powered by Sanford Health Plan","Sanford Health"
"H3192","12","AETNA HEALTH OF MICHIGAN INC.","Aetna Medicare","CVS Health Corporation"
"H3204","11","PRESBYTERIAN HEALTH PLAN","Presbyterian Health Plan","Presbyterian Healthcare Services"
"H3219","11","ALLINA HEALTH AND AETNA INSURANCE COMPANY","Allina Health Aetna Medicare","Allina Health and Aetna Insurance Holding Company"
"H3239","16","AETNA BETTER HEALTH, INC. (LA)","Aetna Medicare","CVS Health Corporation"
"H3240","3","WELLPOINT NEW JERSEY, INC.","Wellpoint","Elevance Health, Inc."
"H3251","3","HEALTH CARE SERVICE CORPORATION","Blue Cross and Blue Shield of New Mexico","Health Care Service Corporation"
"H3256","3","CARE IMPROVEMENT PLUS SOUTH CENTRAL INSURANCE CO.","UnitedHealthcare","UnitedHealth Group, Inc."
"H3259","3","VOLUNTEER STATE HEALTH PLAN","BlueCare Plus Tennessee","BlueCross BlueShield of Tennessee"
"H3274","3","ALIGN SENIOR CARE CALIFORNIA INC.","Align Senior Care","Curana Health Holdings, LLC"
"H3276","1","CONNECTICARE INSURANCE COMPANY, INC.","ConnectiCare","Molina Healthcare, Inc."
"H3284","2","PNW PACE PARTNERS, LLC","Pacific Northwest PACE Partners","MultiCare Health Systems"
"H3288","25","AETNA HEALTH AND LIFE INSURANCE COMPANY","Aetna Medicare","CVS Health Corporation"
"H3291","3","PRUITTHEALTH PREMIER, INC.","PruittHealth Premier","UNICO Services, Inc."
"H3305","9","MVP HEALTH PLAN, INC.","MVP HEALTH CARE","MVP Health Care, Inc."
"H3312","19","AETNA HEALTH INC. (NY)","Aetna Medicare","CVS Health Corporation"
"H3321","2","LORETTO INDEPENDENT LIVING SERVICES, INC.","Independent Living Srvcs Of Central Ny","Loretto Management Corporation"
"H3322","2","SENIOR CARE CONNECTION, INC.","Eddy SeniorCare","Trinity Health Corporation"
"H3329","2","CENTERLIGHT HEALTHCARE, INC.","CenterLight Healthcare PACE","CenterLight Health System, Inc."
"H3330","7","HEALTH INSURANCE PLAN OF GREATER NEW YORK","EmblemHealth","EmblemHealth, Inc."
"H3331","2","INDEPENDENT LIVING FOR SENIORS, INC.","ElderONE an Affiliate of Rochester Regional Health","Rochester Regional Health"
"H3335","18","EXCELLUS HEALTH PLAN, INC.","Excellus Health Plan, Inc","Lifetime Healthcare, Inc."
"H3344","4","INDEPENDENT HEALTH BENEFITS CORPORATION","Independent Health","Independent Health Association, Inc."
"H3347","6","ELDERPLAN, INC.","Elderplan","Elderplan, Inc."
"H3351","16","EXCELLUS HEALTH PLAN, INC.","Excellus Health Plan, Inc","Lifetime Healthcare, Inc."
"H3359","7","HEALTHFIRST HEALTH PLAN, INC.","Healthfirst Medicare Plan","Healthfirst, Inc."
"H3362","10","INDEPENDENT HEALTH ASSOCIATION, INC.","Independent Health","Independent Health Association, Inc."
"H3379","13","UNITEDHEALTHCARE OF NEW YORK, INC.","UnitedHealthcare","UnitedHealth Group, Inc."
"H3384","11","Highmark Western and Northeastern New York Inc.","Highmark Blue Cross Blue Shield or Highmark Blue Shield","Highmark Health"
"H3387","4","UNITEDHEALTHCARE OF NEW YORK, INC.","UnitedHealthcare","UnitedHealth Group, Inc."
"H3388","7","CAPITAL DISTRICT PHYSICIANS' HEALTH PLAN, INC.","CDPHP Medicare Advantage","Lifetime Healthcare, Inc."
"H3404","5","BLUE CROSS AND BLUE SHIELD OF NORTH CAROLINA","Blue Cross and Blue Shield of North Carolina","CuraCor Solutions Corp."
"H3407","3","EL PASO FIRST HEALTH PLANS, INC.","El Paso Health Medicare Advantage","El Paso County Hospital District"
"H3418","4","CARE IMPROVEMENT PLUS SOUTH CENTRAL INSURANCE CO.","UnitedHealthcare","UnitedHealth Group, Inc."
"H3419","6","PERENNIAL ADVANTAGE OF COLORADO, INC.","Perennial Advantage","Perennial Consortium, LLC"
"H3430","2","SUNCOAST PACE, INC.","Suncoast PACE, Inc.","Empath Health, Inc."
"H3443","10","ALIGNMENT HEALTH PLAN OF ARIZONA, INC.","Alignment Health Plan","Alignment Healthcare USA, LLC"
"H3447","33","HEALTHKEEPERS, INC.","Anthem HealthKeepers","Elevance Health, Inc."
"H3449","8","BLUE CROSS AND BLUE SHIELD OF NORTH CAROLINA","Blue Cross and Blue Shield of North Carolina","CuraCor Solutions Corp."
"H3467","3","PROCARE ADVANTAGE, LLC","ProCare Advantage","First Sacramento Capital Funding LLC"
"H3473","2","INNOVAGE VIRGINIA PACE-CHARLOTTESVILLE, LLC","InnovAge Virginia PACE - Blue Ridge","Total Community Options, Inc."
"H3493","2","LIFE AT LOURDES, INC.","Trinity Health LIFE New Jersey","Trinity Health Corporation"
"H3499","2","COORDINATED CARE CORPORATION","Wellcare","Centene Corporation"
"H3517","2","HUMBOLDT SENIOR RESOURCE CENTER, INC.","Redwood Coast PACE","Humboldt Senior Resource Center, Inc."
"H3522","2","REID HOSPITAL & HEALTH CARE SERVICES, INC.","Reid Health PACE Center","Reid Hospital & Health Care Services, Inc."
"H3528","6","CONNECTICARE, INC.","ConnectiCare","Molina Healthcare, Inc."
"H3533","9","HUMANA HEALTH COMPANY OF NEW YORK, INC.","Humana","Humana Inc."
"H3536","6","MATTHEW THORNTON HEALTH PLAN, INC.","Anthem Blue Cross and Blue Shield","Elevance Health, Inc."
"H3551","4","ETERNALHEALTH OF ARIZONA INC","eternalHealth","Eternal Health of Delaware, Inc."
"H3557","3","BLUE CROSS & BLUE SHIELD OF RHODE ISLAND","Blue Cross & Blue Shield of Rhode Island","Blue Cross & Blue Shield of Rhode Island"
"H3561","3","HEALTH NET COMMUNITY SOLUTIONS, INC.","Wellcare","Centene Corporation"
"H3563","2","GARY AND MARY WEST SENIOR SERVICES, INC.","Gary and Mary West PACE","Gary and Mary West Senior Services, Inc."
"H3597","7","AETNA HEALTH INC. (ME)","Aetna Medicare","CVS Health Corporation"
"H3613","2","MCGREGOR PACE","McGregor PACE","McGregor at Overlook"
"H3653","6","PARAMOUNT CARE, INC.","Paramount Elite Medicare Plans","MEDICAL MUTUAL OF OHIO"
"H3655","8","COMMUNITY INSURANCE COMPANY","Anthem Blue Cross and Blue Shield","Elevance Health, Inc."
"H3660","11","SUMMACARE INC.","SummaCare Medicare Advantage Plans","General Catalyst Group Management Holdings LP"
"H3664","10","AULTCARE HEALTH INSURING CORPORATION","PrimeTime Health Plan","Aultman Health Foundation"
"H3668","16","MOUNT CARMEL HEALTH PLAN, INC.","MediGold","Trinity Health Corporation"
"H3672","8","THE HEALTH PLAN OF WEST VIRGINIA, INC.","The Health Plan","The Health Plan of West Virginia, Inc."
"H3706","8","GLOBALHEALTH, INC.","GlobalHealth","MHH Healthcare, L.P."
"H3708","1","OKLAHOMA SUPERIOR SELECT, INC.","American Health Advantage of Oklahoma","Mitchell Family Office"
"H3727","2","OH CHS SNP INC.","Communicare Advantage","SNP Holdings, LLC"
"H3740","2","WEST BALTIMORE PACE COMMUNITY COALITION","PACE of West Baltimore","West Baltimore PACE Community Coalition LLC"
"H3748","2","AETNA BETTER HEALTH OF WASHINGTON, INC.","Aetna Medicare","CVS Health Corporation"
"H3755","7","COMMUNITYCARE GOVERNMENT PROGRAMS, INC.","CommunityCare Senior Health Plan (HMO)","St Francis Health System & St John Health System"
"H3777","1","BLUE CROSS AND BLUE SHIELD OF NORTH CAROLINA","Experience Health","CuraCor Solutions Corp."
"H3794","3","UNITEDHEALTHCARE OF WISCONSIN, INC.","UnitedHealthcare","UnitedHealth Group, Inc."
"H3800","1","PROVIDER PARTNERS HEALTH PLAN OF ILLINOIS","Provider Partners Health Plans","Rifkin Managed Care Holding, LLC"
"H3805","20","UnitedHealthcare Benefits of Texas, Inc.","UnitedHealthcare","UnitedHealth Group, Inc."
"H3809","2","PROVIDENCE HEALTH & SERVICES - OREGON","Providence PACE - Oregon","Providence Health & Services"
"H3810","1","ALLCARE HEALTH PLAN, INC.","AllCare Advantage","AllCare Health, Inc."
"H3811","1","SAMARITAN HEALTH PLANS, INC.","Samaritan Advantage Health Plans","Samaritan Health Services, Inc."
"H3814","2","ATRIO HEALTH PLANS","ATRIO Health Plans","ATRIO Health Plans"
"H3815","38","ALIGNMENT HEALTH PLAN","Alignment Health Plan","Alignment Healthcare USA, LLC"
"H3817","8","REGENCE BLUECROSS BLUESHIELD OF OREGON","Regence BlueCross BlueShield of Oregon","Cambia Health Solutions, Inc."
"H3822","18","HEALTH CARE SERVICE CORPORATION","Blue Cross and Blue Shield of IL, NM","Health Care Service Corporation"
"H3828","3","MOUNT CARMEL HEALTH PLAN OF IDAHO, INC.","Saint Alphonsus Health Plan","Trinity Health Corporation"
"H3832","8","HAWAII MEDICAL SERVICE ASSOCIATION","HMSA Akamai Advantage","Hawaii Medical Service Association"
"H3864","16","PACIFICSOURCE COMMUNITY HEALTH PLANS","PacificSource Medicare","PacificSource"
"H3868","1","UNITEDHEALTHCARE COMMUNITY PLAN OF TEXAS, L.L.C.","UnitedHealthcare","UnitedHealth Group, Inc."
"H3890","4","HOPKINS HEALTH ADVANTAGE, INC.","Johns Hopkins Advantage MD","Johns Hopkins Healthcare LLC"
"H3907","10","UPMC HEALTH PLAN, INC.","UPMC for Life","UPMC Health System"
"H3908","2","TRINITY HEALTH LIFE PENNSYLVANIA, INC.","Mercy LIFE - West Philadelphia","Trinity Health Corporation"
"H3909","7","QCC INSURANCE COMPANY","Independence Blue Cross","Independence Health Group, Inc."
"H3916","37","HIGHMARK SENIOR HEALTH COMPANY","Highmark Blue Cross Blue Shield or Highmark Blue Shield","Highmark Health"
"H3917","2","PITTSBURGH CARE PARTNERSHIP, INC.","Community LIFE","UPMC Health System"
"H3918","2","LIVING INDEPENDENCE FOR THE ELDERLY PITTSBURGH INC","LIFE Pittsburgh","Living Independence for the Elderly Pittsburgh Inc"
"H3919","2","Mercy LIFE","Mercy LIFE","Trinity Health Corporation"
"H3923","14","CAPITAL ADVANTAGE INSURANCE COMPANY","Capital Blue Cross","CAPITAL BLUE CROSS"
"H3924","4","GEISINGER INDEMNITY INSURANCE COMPANY","Geisinger Gold","Risant Health, Inc."
"H3925","2","PENNSYLVANIA PACE, INC.","Senior LIFE Johnstown","Pennsylvania PACE, Inc."
"H3928","3","AETNA HEALTH INC. (LA)","Aetna Medicare","CVS Health Corporation"
"H3931","32","AETNA HEALTH INC. (PA)","Aetna Medicare","CVS Health Corporation"
"H3933","2","OSF HEALTHCARE SYSTEM","OSF Healthcare PACE","OSF Healthcare System"
"H3942","2","ELDERHAUS INC.","Elderhaus PACE","EveryAge"
"H3949","13","BRAVO HEALTH PENNSYLVANIA, INC.","HealthSpring","Health Care Service Corporation"
"H3952","14","KEYSTONE HEALTH PLAN EAST, INC.","Independence Blue Cross","Independence Health Group, Inc."
"H3954","11","GEISINGER HEALTH PLAN","Geisinger Gold","Risant Health, Inc."
"H3957","22","HIGHMARK CHOICE COMPANY","Highmark Blue Cross Blue Shield or Highmark Blue Shield","Highmark Health"
"H3959","28","AETNA HEALTH INC. (PA)","Aetna Medicare","CVS Health Corporation"
"H3962","8","KEYSTONE HEALTH PLAN CENTRAL, INC.","Capital Blue Cross","CAPITAL BLUE CROSS"
"H3975","3","WELLCARE HEALTH INSURANCE COMPANY OF KENTUCKY, INC","Wellcare","Centene Corporation"
"H3979","4","GHS HEALTH MAINTENANCE ORGANIZATION, INC.","Blue Cross and Blue Shield of Oklahoma","Health Care Service Corporation"
"H3991","2","CONCERTOHEALTH OF NORTHERN VIRGINIA, LLC","Cherry Blossom PACE","Valir PACE Virginia, LLC"
"H4003","20","MMM HEALTHCARE, LLC","Medicare y Mucho Mas (MMM)","Elevance Health, Inc."
"H4004","24","MMM HEALTHCARE, LLC","Medicare y Mucho Mas (MMM)","Elevance Health, Inc."
"H4005","8","TRIPLE S ADVANTAGE, INC.","Triple-S Advantage","Guidewell Mutual Holding Corporation"
"H4026","2","SCAN HEALTH PLAN (WA)","SCAN Health Plan","SCAN Group"
"H4032","2","UNITEDHEALTHCARE OF THE ROCKIES, INC.","UnitedHealthcare","UnitedHealth Group, Inc."
"H4036","32","ANTHEM INSURANCE COMPANIES, INC.","Anthem Blue Cross and Blue Shield","Elevance Health, Inc."
"H4045","1","SANTA CLARA COUNTY HEALTH AUTHORITY","Santa Clara Family Health Plan","SANTA CLARA COUNTY HEALTH AUTHORITY"
"H4053","2","PRISMA HEALTH-UPSTATE","Prisma Health SeniorCare PACE-Upstate","Prisma Health"
"H4054","1","PROVIDER PARTNERS HEALTH PLAN OF TEXAS, INC.","Provider Partners Health Plans","Rifkin Managed Care Holding, LLC"
"H4057","1","KERN HEALTH SYSTEMS","Kern Family Health Care Medicare (D-SNP)","Kern Health Systems (KHS)"
"H4073","4","WELLCARE HEALTH INSURANCE OF NORTH CAROLINA, INC.","Wellcare","Centene Corporation"
"H4074","2","MERCY LIFE OF ALABAMA","Mercy LIFE of Alabama","Trinity Health Corporation"
"H4091","3","SIMPRA ADVANTAGE, INC.","Simpra Advantage","Associated Care Ventures, Inc."
"H4093","3","PROVIDER PARTNERS HEALTH PLAN OF PENNSYLVANIA, INC","Provider Partners Health Plans","Rifkin Managed Care Holding, LLC"
"H4105","2","PACE ORGANIZATION OF RHODE ISLAND","PACE Organization Of Rhode Island","PACE Organization of Rhode Island"
"H4118","2","THE WASHTENAW PACE","Huron Valley PACE","Utd Methodist Retirement Communities of SE MI"
"H4140","9","DOCTORS HEALTHCARE PLANS, INC.","Doctors HealthCare Plans, Inc.","DOCTORS HEALTHCARE PLANS, INC."
"H4141","11","HUMANA EMPLOYERS HEALTH PLAN OF GEORGIA, INC.","Humana","Humana Inc."
"H4142","2","CHEROKEE NATION COMPREHENSIVE CARE AGENCY","Cherokee Elder Care","Cherokee Nation Comprehensive Care Agency"
"H4152","8","BLUE CROSS & BLUE SHIELD OF RHODE ISLAND","Blue Cross & Blue Shield of Rhode Island","Blue Cross & Blue Shield of Rhode Island"
"H4158","1","BUCKEYE COMMUNITY HEALTH PLAN, INC.","Wellcare","Centene Corporation"
"H4161","15","BLUE CROSS OF CALIFORNIA PARTNERSHIP PLAN, INC.","Anthem Blue Cross Partnership Plan","Elevance Health, Inc."
"H4172","2","NHC ADVANTAGE, LLC","NHC Advantage","Missouri Healthcare Advisors, LLC"
"H4185","2","NEIGHBORHOOD HEALTHCARE","Neighborhood Healthcare PACE","Neighborhood HealthCare"
"H4193","1","HAP CARESOURCE","HAP CareSource MI Coordinated Health","Henry Ford Health System"
"H4203","2","PRISMA HEALTH-MIDLANDS","Prisma Health SeniorCare PACE-Midlands","Prisma Health"
"H4213","6","USABLE MUTUAL INSURANCE COMPANY","Arkansas Blue Medicare","USAble Mutual Insurance Company"
"H4227","2","VISTA HEALTH PLAN, INC.","VISTA Health Plan Inc.","Independence Health Group, Inc."
"H4232","2","AMERICAN HEALTH PLAN OF UT, INC.","American Health Advantage of Utah","Mitchell Family Office"
"H4235","2","SENIOR TOTAL LIFE CARE, INC.","Senior Total Life Care","CaroMont Health, Inc."
"H4256","2","PACE NORTH, INC.","PACE North","PACE North"
"H4279","2","UPMC FOR YOU, INC","UPMC for Life Complete Care","UPMC Health System"
"H4286","4","LEON HEALTH, INC.","Leon Health, Inc.","LMC Family Holdings, LLC"
"H4305","2","TOTAL LIFE HEALTHCARE","Total Life Healthcare","St. Bernard's Healthcare"
"H4326","2","PACE @ HOME, INC.","Senior TLC","PACE @ Home"
"H4329","1","HUMANA BENEFIT PLAN OF ILLINOIS, INC.","Humana","Humana Inc."
"H4346","22","HMO COLORADO, INC.","Anthem Blue Cross and Blue Shield","Elevance Health, Inc."
"H4348","7","DEVOTED HEALTH INSURANCE COMPANY OF KANSAS","Devoted Health","Devoted Health, Inc."
"H4371","1","SENIOR WHOLE HEALTH, LLC","Molina Healthcare of Massachusetts","Molina Healthcare, Inc."
"H4393","2","CATHOLIC MANAGED LONG TERM CARE, INC.","ArchCare Senior Life","Catholic Health Care System"
"H4402","2","ALEXIAN BROTHERS COMMUNITY SERVICES","Ascension Living Alexian PACE","Ascension Health Alliance"
"H4407","8","HEALTHSPRING LIFE & HEALTH INSURANCE COMPANY, INC.","HealthSpring","Health Care Service Corporation"
"H4439","3","PROVIDER PARTNERS HEALTH PLAN OF NORTH CAROLINA","Provider Partners Health Plans","Rifkin Managed Care Holding, LLC"
"H4444","3","PROVIDER PARTNERS HEALTH PLAN OF INDIANA","Provider Partners Health Plans","Rifkin Managed Care Holding, LLC"
"H4445","2","TUNGSTEN HEALTH SOUTH LOS ANGELES, LLC","Habitat Health South Los Angeles","Tungsten Health Holdings, LLC"
"H4461","50","CARITEN HEALTH PLAN INC.","Humana","Humana Inc."
"H4471","3","BLUE CROSS OF CALIFORNIA PARTNERSHIP PLAN, INC.","Anthem Blue Cross","Elevance Health, Inc."
"H4473","5","DEVOTED HEALTH INSURANCE COMPANY OF UTAH, INC.","Devoted Health","Devoted Health, Inc."
"H4490","2","AMERICAN HEALTH PLAN OF MISSOURI, INC.","American Health Advantage of Missouri","Mitchell Family Office"
"H4497","7","MEDICAL MUTUAL OF OHIO","Medical Mutual of Ohio","MEDICAL MUTUAL OF OHIO"
"H4499","1","SENTARA HEALTH PLANS","Sentara Medicare","Sentara Health Care (SHC)"
"H4506","3","SELECTCARE OF TEXAS, INC.","Wellcare","Centene Corporation"
"H4513","52","HEALTHSPRING LIFE & HEALTH INSURANCE COMPANY, INC.","HealthSpring","Health Care Service Corporation"
"H4514","13","UNITEDHEALTHCARE COMMUNITY PLAN OF TEXAS, L.L.C.","UnitedHealthcare","UnitedHealth Group, Inc."
"H4517","2","AMARILLO MULTISVC CTR FR THE AGING INC","The Basics at Jan Werner","Amarillo Multisvc Ctr Fr the Aging Inc"
"H4518","2","BIENVIVIR SENIOR HEALTH SERVICES","Bienvivir Senior Health Services","Bienvivir Senior Health Services"
"H4523","20","AETNA HEALTH INC. (TX)","Aetna Medicare","CVS Health Corporation"
"H4527","26","PHYSICIANS HEALTH CHOICE OF TEXAS, LLC","UnitedHealthcare","UnitedHealth Group, Inc."
"H4537","3","WELLCARE HEALTH INSURANCE COMPANY OF OKLAHOMA, INC.","Wellcare","Centene Corporation"
"H4538","2","SEEN HEALTH SAN GABRIEL VALLEY, LLC","Seen Health San Gabriel Valley, LLC","Seen Health San Gabriel Valley, LLC"
"H4544","2","PEOPLES HEALTH, INC.","Peoples Health","UnitedHealth Group, Inc."
"H4545","2","K-DAY, INC.","K-Day PACE","K-DAY INC"
"H4556","0","CONSOLIDATED ASSOC OF RAILROAD EMPLOYEES HC","Consolidated Assoc Of Railroad Employees Hc","Consolidated Assoc of Railroad Employees HC"
"H4604","23","UNITEDHEALTHCARE OF THE ROCKIES, INC.","UnitedHealthcare","UnitedHealth Group, Inc."
"H4605","7","REGENCE BLUECROSS BLUESHIELD OF UTAH","Regence BlueCross BlueShield of Utah","Cambia Health Solutions, Inc."
"H4610","2","UNITEDHEALTHCARE OF NEW ENGLAND, INC.","UnitedHealthcare","UnitedHealth Group, Inc."
"H4623","2","HUMANA REGIONAL HEALTH PLAN, INC.","Humana","Humana Inc."
"H4624","27","ZING HEALTH OF MICHIGAN, INC.","Zing Health","Zing Health Consolidator, Inc"
"H4626","2","myPlace Greater LA PACE Inc.","myPlace PACE","SCAN Group"
"H4647","2","NEW CENTURY HEALTH PLAN, INC.","UCLA Health Medicare Advantage Plan","The Regents of the University of California"
"H4661","3","CELTIC INSURANCE COMPANY","Wellcare","Centene Corporation"
"H4676","2","TROY HEALTH, INC.","Troy Medicare","Troy Holdings, Inc."
"H4694","4","HEALTHKEEPERS, INC.","Anthem HealthKeepers","Elevance Health, Inc."
"H4704","2","ANTHEM BLUE CROSS LIFE AND HEALTH INS COMPANY","Anthem Blue Cross Life and Health Insurance Company","Elevance Health, Inc."
"H4711","9","COVENTRY HEALTH CARE OF NEBRASKA, INC.","Aetna Medicare","CVS Health Corporation"
"H4714","2","PACE OF THE SOUTHERN PIEDMONT, INC.","PACE of the Southern Piedmont","PACE of the Southern Piedmont, Inc."
"H4733","1","COMMUNITY HEALTH GROUP","Community Health Group","Community Health Group"
"H4739","1","SELECT HEALTH OF SOUTH CAROLINA, INC.","First Choice VIP Care (HMO D-SNP)","Independence Health Group, Inc."
"H4754","4","PACIFICSOURCE COMMUNITY HEALTH PLANS","PacificSource Medicare","PacificSource"
"H4808","5","DEVOTED HEALTH INSURANCE COMPANY OF COLORADO INC","Devoted Health","Devoted Health, Inc."
"H4835","3","AETNA BETTER HEALTH OF OKLAHOMA INC.","Aetna Medicare","CVS Health Corporation"
"H4847","4","WELLCARE OF SOUTH CAROLINA, INC.","Wellcare","Centene Corporation"
"H4868","5","NEW YORK QUALITY HEALTHCARE CORPORATION","Wellcare","Centene Corporation"
"H4869","5","GOLD KIDNEY OF ARIZONA","Gold Kidney Health Plan","Gold Kidney Health Plan"
"H4875","13","PRIORITY HEALTH","Priority Health Medicare","Corewell Health"
"H4882","9","HEALTHPARTNERS, INC.","HealthPartners","HealthPartners, Inc."
"H4906","0","C AND O EMPLOYEES' HOSPITAL ASSOCIATION","C and O Employees' Hospital Association","C & O Employees' Hospital Association"
"H4909","14","ANTHEM INSURANCE COMPANIES, INC.","Anthem Blue Cross and Blue Shield","Elevance Health, Inc."
"H4919","2","INNOVAGE FLORIDA PACE, LLC","InnovAge Florida  PACE - Tampa","Total Community Options, Inc."
"H4931","2","BANNER - UNIVERSITY CARE ADVANTAGE","Banner Medicare Advantage","Banner Health"
"H4937","7","CALIFORNIA PHYSICIANS' SERVICE","Blue Shield of California","California Physicians' Service"
"H4939","3","ARCADIAN HEALTH PLAN, INC.","Humana","Humana Inc."
"H4961","7","ALIGNMENT HEALTH PLAN","Alignment Health Plan","Alignment Healthcare USA, LLC"
"H4982","10","AETNA BETTER HEALTH OF CALIFORNIA INC.","Aetna Medicare","CVS Health Corporation"
"H4999","2","LIFE Northwestern Pennsylvania, LLC","LIFE Northwestern Pennsylvania","One Senior Care, Inc."
"H5007","2","PROVIDENCE HEALTH & SERVICES â€“ WASHINGTON","Providence PACE - Washington","Providence Health & Services"
"H5008","9","CARE IMPROVEMENT PLUS SOUTH CENTRAL INSURANCE CO.","UnitedHealthcare","UnitedHealth Group, Inc."
"H5009","6","REGENCE BLUESHIELD","Regence BlueShield","Cambia Health Solutions, Inc."
"H5015","2","TEXAS INDEPENDENCE HEALTH PLAN, INC.","Texas Independence Health Plan","Regency ISNP Holdings LLC"
"H5037","2","MOUNTAIN EMPIRE OLDER CITIZENS, INC.","Mountain Empire PACE","Mountain Empire Older Citizens, Inc"
"H5042","3","CDPHP UNIVERSAL BENEFITS, INC.","CDPHP Medicare Advantage","Lifetime Healthcare, Inc."
"H5050","19","KAISER FOUNDATION HEALTH PLAN OF WASHINGTON","Kaiser Permanente","Kaiser Foundation Health Plan, Inc."
"H5080","2","BOLDAGE PACE INDIANA, LLC","BoldAge PACE","BoldAge PACE, LLC"
"H5085","2","COMMUNITY PACE AT HOME, INC","Community PACE at Home, Inc,","Community PACE at Home, Inc"
"H5087","3","WELLCARE OF CALIFORNIA, INC.","Wellcare","Centene Corporation"
"H5106","11","HIGHMARK SENIOR SOLUTIONS COMPANY","Highmark Blue Cross Blue Shield","Highmark Health"
"H5117","1","LOUISIANA HEALTHCARE CONNECTIONS, INC.","Wellcare","Centene Corporation"
"H5119","1","CONTRA COSTA COUNTY MEDICAL SERVICE DBA CONTRA COSTA HEALTH PLAN","Contra Costa Health Care Plus (HMO D-SNP)","Contra Costa Health Services"
"H5124","2","FRANCISCAN ACO, INC.","Franciscan  Senior Health & Wellness","Franciscan Alliance, Inc."
"H5141","15","CLOVER INSURANCE COMPANY","Clover Health","Clover Health Holdings, Inc."
"H5163","4","VERDA HEALTH PLAN OF TEXAS INC","Verda Health Plan of Texas","Verda Healthcare, Inc."
"H5167","2","ROCKY MOUNTAIN HEALTH CARE SERVICES","Rocky Mountain PACE","Bethesda Foundation"
"H5178","1","HUMANA HEALTH PLAN, INC.","Humana","Humana Inc."
"H5190","1","SUNSHINE STATE HEALTH PLAN, INC.","Wellcare","Centene Corporation"
"H5209","2","Molina Healthcare of Wisconsin, Inc.","Molina Healthcare of Wisconsin","Molina Healthcare, Inc."
"H5211","6","SECURITY HEALTH PLAN OF WISCONSIN, INC.","Security Health Plan of Wisconsin, Inc.","Sanford Health"
"H5212","2","COMMUNITY CARE, INC.","Community Care","CareSource"
"H5213","2","TOTAL COMMUNITY CARE, L.L.C.","InnovAge New Mexico PACE","Total Community Options, Inc."
"H5215","13","NETWORK HEALTH INSURANCE CORPORATION","Network Health Medicare Advantage Plans","Network Health, Inc."
"H5216","264","HUMANA INSURANCE COMPANY","Humana","Humana Inc."
"H5232","1","PARAMOUNT INSURANCE COMPANY","Paramount Elite Medicare Plans","MEDICAL MUTUAL OF OHIO"
"H5244","8","SCAN HEALTH PLAN (NM)","SCAN Health Plan","SCAN Group"
"H5253","141","UNITEDHEALTHCARE OF WISCONSIN, INC.","UnitedHealthcare","UnitedHealth Group, Inc."
"H5256","4","MEDICAL ASSOCIATES CLINIC HEALTH PLAN","Medical Associates Clinic Health Plan of Wisconsin","Medical Associates Clinic, P.C."
"H5262","16","QUARTZ HEALTH PLAN CORPORATION","Quartz Medicare Advantage (HMO)","University of Wisconsin Hospitals and Clincs Autho"
"H5264","2","DEAN HEALTH PLAN, INC.","Dean Health Plan, Inc.","Medica Holding Company"
"H5272","1","ABSOLUTE TOTAL CARE, INC.","Wellcare","Centene Corporation"
"H5273","5","CAREPARTNERS OF CONNECTICUT, INC.","CarePartners of Connecticut","Point32Health, Inc."
"H5294","14","SUPERIOR HEALTHPLAN, INC.","Wellcare","Centene Corporation"
"H5296","12","ALIGNMENT HEALTH PLAN OF NORTH CAROLINA, INC.","Alignment Health Plan","Alignment Healthcare USA, LLC"
"H5299","11","DEVOTED HEALTH PLAN OF NORTH CAROLINA INC","Devoted Health","Devoted Health, Inc."
"H5302","7","AETNA HEALTH INC. (GA)","Aetna Medicare","CVS Health Corporation"
"H5314","2","TUFTS HEALTH PUBLIC PLANS, INC.","Tufts Health Plan","Point32Health, Inc."
"H5322","19","CARE IMPROVEMENT PLUS SOUTH CENTRAL INSURANCE CO.","UnitedHealthcare","UnitedHealth Group, Inc."
"H5325","10","COVENTRY HEALTH CARE OF KANSAS, INC.","Aetna Medicare","CVS Health Corporation"
"H5361","3","AMERIHEALTH INSURANCE COMPANY OF NEW JERSEY","AmeriHealth","Independence Health Group, Inc."
"H5374","1","LONGEVITY HEALTH PLAN OF NORTH CAROLINA, INC.","Longevity Health Plan","Longevity Health Founders, LLC"
"H5377","2","HUMANA MEDICAL PLAN OF PENNSYLVANIA, INC.","Humana","Humana Inc."
"H5380","2","VISTA COMMUNITY CLINIC","Vista Community Clinic PACE","Vista Community Clinic"
"H5386","7","SHARP HEALTH PLAN","Sharp Health Plan","Sharp Healthcare"
"H5397","5","DEVOTED HEALTH PLAN OF HAWAII, INC.","Devoted Health","Devoted Health, Inc."
"H5403","2","ON LOK SENIOR HEALTH SERVICES","On Lok PACE","On Lok, Inc."
"H5405","2","CENTER FOR ELDERS INDEPENDENCE","Center For Elders' Independence","Center For Elders Independence"
"H5406","2","SUTTER VALLEY HOSPITALS","Sutter SeniorCare PACE","Sutter Valley Hospitals"
"H5410","17","HEALTHSPRING OF FLORIDA, INC.","HealthSpring","Health Care Service Corporation"
"H5420","6","Preferred Care Network, Inc.","UnitedHealthcare","UnitedHealth Group, Inc."
"H5422","12","BLUE CROSS BLUE SHIELD HEALTHCARE PLAN OF GEORGIA","Anthem Blue Cross and Blue Shield","Elevance Health, Inc."
"H5425","54","SCAN HEALTH PLAN","SCAN Health Plan","SCAN Group"
"H5427","25","FREEDOM HEALTH, INC.","Freedom Health, Inc.","Elevance Health, Inc."
"H5431","13","HEALTHSUN HEALTH PLANS, INC.","HealthSun Health Plans, Inc.","Elevance Health, Inc."
"H5433","1","ORANGE COUNTY HEALTH AUTHORITY","CalOptima Health OneCare","Orange County Health Authority"
"H5434","21","BLUE CROSS AND BLUE SHIELD OF FLORIDA, INC.","Florida Blue","Guidewell Mutual Holding Corporation"
"H5435","2","CARE IMPROVEMENT PLUS SOUTH CENTRAL INSURANCE CO.","UnitedHealthcare","UnitedHealth Group, Inc."
"H5439","5","HEALTH NET LIFE INSURANCE COMPANY","Wellcare","Centene Corporation"
"H5447","2","COMMUNITY FIRST HEALTH PLANS, INC.","Community First","Bexar County Hospital District"
"H5453","11","DEVOTED HEALTH INSURANCE COMPANY OF GEORGIA INC","Devoted Health","Devoted Health, Inc."
"H5471","50","SIMPLY HEALTHCARE PLANS, INC.","Simply Healthcare Plans, Inc.","Elevance Health, Inc."
"H5472","11","ALIGNMENT HEALTH INSURANCE COMPANY OF ARIZONA INC","Alignment Health Plan","Alignment Healthcare USA, LLC"
"H5475","5","MERIDIAN HEALTH PLAN OF MICHIGAN, INC.","Wellcare","Centene Corporation"
"H5493","2","LIFE AT ST. FRANCIS HEALTHCARE, INC.","Saint Francis LIFE","Trinity Health Corporation"
"H5496","3","IMPERIAL HEALTH PLAN OF CALIFORNIA, INC.","Imperial Health Plan of California, Inc.","Imperial Health Plan of California"
"H5521","200","AETNA LIFE INSURANCE COMPANY","Aetna Medicare","CVS Health Corporation"
"H5522","36","AETNA LIFE INSURANCE COMPANY","Aetna Medicare","CVS Health Corporation"
"H5525","46","HUMANA BENEFIT PLAN OF ILLINOIS, INC.","Humana","Humana Inc."
"H5526","7","Highmark Western and Northeastern New York Inc.","Highmark Blue Cross Blue Shield or Highmark Blue Shield","Highmark Health"
"H5528","2","EMBLEMHEALTH PLAN, INC.","EmblemHealth","EmblemHealth, Inc."
"H5533","11","UPMC HEALTH NETWORK, INC.","UPMC for Life","UPMC Health System"
"H5538","2","TRINITY HEALTH PACE OF PENSACOLA","Trinity Health PACE of Pensacola","Trinity Health Corporation"
"H5549","3","VNS CHOICE","VNS Health Medicare","Visiting Nurse Service of New York"
"H5577","35","MCS ADVANTAGE, INC.","MCS Classicare","MHH Healthcare, L.P."
"H5580","3","MERCY CARE","Mercy Care Advantage","Mercy Care"
"H5587","1","HEALTH CHOICE ARIZONA, INC.","Blue Cross Blue Shield of Arizona Health Choice","Blue Cross Blue Shield of Arizona"
"H5590","2","Bridgeway Health Solutions of Arizona, Inc.","Wellcare","Centene Corporation"
"H5591","7","MARTIN'S POINT GENERATIONS ADVANTAGE, INC.","Martin's Point Generations Advantage","Martin's Point Health Care, Inc."
"H5593","2","AETNA HEALTH OF IOWA INC.","Aetna Medicare","CVS Health Corporation"
"H5594","15","OPTIMUM HEALTHCARE, INC.","Optimum HealthCare, Inc.","Elevance Health, Inc."
"H5599","5","NEW YORK QUALITY HEALTHCARE CORPORATION","Wellcare","Centene Corporation"
"H5608","2","DENVER HEALTH MEDICAL PLAN, INC.","Elevate Medicare Advantage","Denver Health and Hospital Authority"
"H5610","2","CARE RESOURCES","Care Resources","Care Resources"
"H5619","71","ARCADIAN HEALTH PLAN, INC.","Humana","Humana Inc."
"H5622","2","CARE GUIDE PARTNERS, INC.","Care Guide Partners","Hosparus Health Inc"
"H5628","4","MOLINA HEALTHCARE OF UTAH, INC.","Molina Healthcare of Utah & Idaho","Molina Healthcare, Inc."
"H5629","2","COMMUNITY ELDERCARE OF SAN DIEGO","St. Paul's PACE","St. Paulâ€™s Episcopal Home"
"H5644","3","NETWORK HEALTH INSURANCE CORPORATION","Network Health Medicare Advantage Plans","Network Health, Inc."
"H5649","12","CENTRAL HEALTH PLAN OF CALIFORNIA, INC.","Central Health Medicare Plan","Molina Healthcare, Inc."
"H5652","6","SIERRA HEALTH AND LIFE INSURANCE COMPANY, INC.","UnitedHealthcare","UnitedHealth Group, Inc."
"H5692","1","SANTA CRUZ MONTEREY MERCED SAN BENITO MARIPOSA MANAGED MEDICAL CARE COMMISSION","Central California Alliance for Health","SANTA CRUZ MONTEREY MERCED SAN BENITO MARIPOSA MAN"
"H5703","1","SOUTH COUNTRY HEALTH ALLIANCE","South Country Health Alliance","South Country Health Alliance"
"H5718","6","DEVOTED HEALTH INSURANCE COMPANY OF KENTUCKY INC","Devoted Health","Devoted Health, Inc."
"H5734","1","SAN JOAQUIN COUNTY HEALTH COMMISSION","Health Plan of San Joaquin / Mountain Valley Health Plan Advantage D-SNP (HMO)","SAN JOAQUIN COUNTY HEALTH COMMISSION"
"H5774","30","TRIPLE S ADVANTAGE, INC.","Triple S Advantage","Guidewell Mutual Holding Corporation"
"H5779","5","MERIDIAN HEALTH PLAN OF ILLINOIS, INC.","Wellcare","Centene Corporation"
"H5793","10","AETNA HEALTH INC. (CT)","Aetna Medicare","CVS Health Corporation"
"H5810","1","MOLINA HEALTHCARE OF CALIFORNIA","Molina Healthcare of California","Molina Healthcare, Inc."
"H5822","2","MIDLAND CARE CONNECTION","Midland Care PACE","Midland Care Connection, Inc."
"H5823","2","MOLINA HEALTHCARE OF WASHINGTON, INC.","Molina Healthcare of Washington, Inc.","Molina Healthcare, Inc."
"H5826","2","COMMUNITY HEALTH PLAN OF WASHINGTON","Community Health Plan of WA Medicare Advantage","Community Health Plan of Washington"
"H5828","9","WELLPOINT TENNESSEE, INC.","Wellpoint","Elevance Health, Inc."
"H5843","1","BANNER HEALTH PLAN, INC.","Banner Medicare Advantage","Banner Health"
"H5852","1","AIDS HEALTHCARE FOUNDATION","AHF","AIDS Healthcare Foundation"
"H5854","11","ANTHEM HEALTH PLANS, INC.","Anthem Blue Cross and Blue Shield","Elevance Health, Inc."
"H5859","1","HEALTH PLAN OF CAREOREGON, INC.","CareOregon Advantage","CareOregon, Inc."
"H5883","7","BLUE CARE NETWORK OF MICHIGAN","Blue Care Network","Blue Cross Blue Shield of Michigan Mutual Ins. Co."
"H5900","7","WELLMARK ADVANTAGE HEALTH PLAN, INC.","Wellmark Advantage Health Plan","Blue Cross Blue Shield of Michigan Mutual Ins. Co."
"H5902","2","SENIOR LIFE ALTOONA, INC.","Senior LIFE Altoona / Ebensburg / Indiana","Senior LIFE Altoona, Inc."
"H5926","3","MOLINA HEALTHCARE OF MICHIGAN, INC.","Molina Healthcare of Michigan","Molina Healthcare, Inc."
"H5928","2","California Physicians' Service","Blue Shield of California","California Physicians' Service"
"H5932","4","GATEWAY HEALTH PLAN, INC.","Highmark Wholecare Medicare Assured","Highmark Health"
"H5934","2","HOPE HOSPICE AND COMMUNITY SERVICES, INC.","Hope PACE","Chapters Health System, Inc."
"H5938","8","CAPITAL HEALTH PLAN","Capital Health Plan","Guidewell Mutual Holding Corporation"
"H5943","2","SCAN HEALTH PLAN","VillageHealth","SCAN Group"
"H5945","13","PROMINENCE HEALTHFIRST","Prominence Health Plan","Universal Health Services, Inc."
"H5959","13","BCBSM, Inc.","Blue Cross and Blue Shield of Minnesota","Aware Integrated, Inc."
"H5965","4","WELLCARE HEALTH INSURANCE COMPANY OF WASHINGTON","Wellcare","Centene Corporation"
"H5969","2","ALOHACARE","AlohaCare","AlohaCare"
"H5970","19","HUMANA INSURANCE COMPANY OF NEW YORK","Humana","Humana Inc."
"H5978","2","SENIOR LIFE LEHIGH VALLEY, INC.","Senior LIFE Lehigh Valley / Reading","Senior LIFE Lehigh Valley, Inc."
"H5989","1","HEALTHFIRST HEALTH PLAN, INC.","Healthfirst Medicare Plan","Healthfirst, Inc."
"H5991","3","HEALTH INSURANCE PLAN OF GREATER NEW YORK","EmblemHealth","EmblemHealth, Inc."
"H5992","2","SENIOR WHOLE HEALTH OF NEW YORK, INC.","Senior Whole Health of New York","Molina Healthcare, Inc."
"H5993","2","LAWNDALE CHRISTIAN HEALTH CENTER","Lawndale Christian Health Center","Lawndale Christian Health Center"
"H5995","1","ATRIO HEALTH PLANS","ATRIO Health Plans","ATRIO Health Plans"
"H6018","6","DEVOTED HEALTH INSURANCE COMPANY OF PENNSYLVANIA INC","Devoted Health","Devoted Health, Inc."
"H6019","1","SAN MATEO HEALTH COMMISSION","HEALTH PLAN OF SAN MATEO","Health Plan of San Mateo"
"H6059","2","PACE OF GUILFORD AND ROCKINGHAM COUNTIES, INC.","PACE OF THE TRIAD","Well-Spring Services, Inc."
"H6078","6","Group Retiree Health Solutions, Inc.","Blue Medicare Advantage","Elevance Health, Inc."
"H6079","2","TOTAL LONGTERM CARE, INC.","InnovAge California PACE","Total Community Options, Inc."
"H6081","2","HIGH DESERT PACE, INC,","High Desert PACE","High Desert PACE, Inc."
"H6130","18","FENYX HEALTH INSURANCE COMPANY","Fenyx Health","Fenyx Health Holdings, Inc."
"H6142","0","UNION HEALTH SERVICES, INC.","Union Health Service, Inc.","Union Health Services, Inc."
"H6147","2","LOMA LINDA UNIVERSITY MEDICAL CENTER","Loma Linda University Health PACE","Loma Linda University Medical Center"
"H6154","1","MEDICA HEALTH PLANS","Medica","Medica Holding Company"
"H6158","2","USABLE HMO, INC.","Arkansas Blue Medicare","USAble Mutual Insurance Company"
"H6170","7","CHAMPION HEALTH PLAN OF CALIFORNIA INC","Champion Heath Plan","Champion Health Plans-USA, LLC."
"H6188","2","VIECARE ARMSTRONG, LLC","LIFE Armstrong","Lutheran SeniorLife"
"H6200","11","ESSENCE HEALTHCARE PPO, INC.","Essence Healthcare","Lumeris Group Holdings Corporation"
"H6202","8","NEXTBLUE OF NORTH DAKOTA INSURANCE COMPANY","NextBlue of North Dakota","Blue Cross Blue Shield of Michigan Mutual Ins. Co."
"H6224","1","HIGHMARK HEALTH OPTIONS WEST VIRGINIA INC.","Highmark Blue Cross Blue Shield","Highmark Health"
"H6231","2","FRANCISCAN PACE, INC.","PACE Baton Rouge","Franciscan Missionaries of Our Lady Health System"
"H6237","1","REGENCE BLUECROSS BLUESHIELD OF OREGON","Regence BlueCross BlueShield of Oregon","Cambia Health Solutions, Inc."
"H6248","1","COMMUNITY HEALTH GROUP","Community Health Group","Community Health Group"
"H6251","2","TRINITY HEALTH PACE OF MONTGOMERY COUNTY","Trinity Health PACE of Montgomery County","Trinity Health Corporation"
"H6309","4","HEALTHPARTNERS INSURANCE COMPANY","HealthPartners","HealthPartners, Inc."
"H6316","2","MISSOURI CARE, INCORPORATED","Healthy Blue","Elevance Health, Inc."
"H6317","2","WELBEHEALTH BAY AREA PACE, LLC","WelbeHealth","WelbeHealth LLC."
"H6322","3","MCLAREN HEALTH PLAN, INC.","McLaren Medicare","McLaren Health Care Corporation"
"H6334","0","NY HOTEL TRADES COUNCIL & HOTEL ASSOCIATION OF NYC","NY Hotel Trades Council and Hotel Assn. of NYC","NY Hotel Trades Council&Hotel Assn of NYC"
"H6341","1","AMERIHEALTH MICHIGAN, INC.","AmeriHealth Caritas VIP Care","Independence Health Group, Inc."
"H6342","2","COMPLETE HEALTH WITH PACE","Baptist Health PACE","Baptist Health (Arkansas)"
"H6345","2","PRUITTHEALTH PREMIER NORTH CAROLINA, LLC","PruittHealth Premier","UNICO Services, Inc."
"H6348","4","COORDINATED CARE CORPORATION","Wellcare","Centene Corporation"
"H6351","3","LIBERTY ADVANTAGE, LLC","Liberty Medicare Advantage","Liberty Healthcare Insurance"
"H6368","2","ELITE HEALTH PLAN, INC.","Elite Health Plan, Inc.","Elite Health Systems, Inc."
"H6371","2","LUTHERAN SENIOR HEALTHCARE, INC.","Lutheran Senior LIFE","Lutheran Social Ministries of New Jersey"
"H6378","1","AMERIHEALTH CARITAS FLORIDA, INC.","AmeriHealth Caritas VIP Care (HMO-D-SNP)","Independence Health Group, Inc."
"H6396","1","CARESOURCE OHIO, INC.","CareSource MyCare Ohio (HMO D-SNP)","CareSource"
"H6399","1","AETNA BETTER HEALTH INC. (NJ)","Aetna Medicare","CVS Health Corporation"
"H6425","2","WASHINGTON REGIONAL MEDICORP","PACE of the Ozarks","Washington Regional Medical System"
"H6453","9","HMO LOUISIANA, INC.","Blue Cross and Blue Shield of Louisiana","Louisiana Health Service & Indemnity Company"
"H6474","7","CHAMPION HEALTH PLAN OF NEVADA, INC.","Champion Health Plan","Champion Health Plans-USA, LLC."
"H6515","5","MOLINA HEALTHCARE OF TEXAS, INC.","Molina Healthcare of Texas, Inc.","Molina Healthcare, Inc."
"H6517","2","Family HealthCare Network (FHCN) PACE","Family HealthCare Network PACE","Family Healthcare Network"
"H6529","1","SOUTHEASTERN INDIANA HEALTH ORGANIZATION, INC.","MyTruAdvantage","SIHO Holding, Inc."
"H6537","2","TUNGSTEN HEALTH SACRAMENTO, LLC","Habitat Health Sacramento","Tungsten Health Holdings, LLC"
"H6541","2","HORIZON-PACE, LLC","Horizon - PACE","American Health Management, Inc."
"H6545","2","Devoted Health Insurance Company of Illinois, Inc.","Devoted Health","Devoted Health, Inc."
"H6550","3","SUNFLOWER STATE HEALTH PLAN, INC.","Wellcare","Centene Corporation"
"H6551","2","LIFE ST. MARY","LIFE St. Mary","Trinity Health Corporation"
"H6566","1","LAGNIAPPE ADVANTAGE INSURANCE COMPANY","Lagniappe Advantage","Curana Health Holdings, LLC"
"H6586","5","DEVOTED HEALTH INSURANCE COMPANY OF ARIZONA, INC.","Devoted Health","Devoted Health, Inc."
"H6595","3","UNITEDHEALTHCARE OF WISCONSIN, INC.","UnitedHealthcare","UnitedHealth Group, Inc."
"H6596","2","FALLON HEALTH WEINBERG, INC.","Fallon Health Weinberg","Fallon Community Health Plan, Inc."
"H6622","53","HUMANA WI HEALTH ORGANIZATION INSURANCE CORP","Humana","Humana Inc."
"H6652","1","AMERICAN HEALTH PLAN OF FL, INC.","American Health Advantage of Florida","Mitchell Family Office"
"H6700","2","PACE NORTHEAST MICHIGAN","PACE Northeast Michigan","PACE Northeast Michigan"
"H6706","1","UnitedHealthcare Benefits of Texas, Inc.","UnitedHealthcare","UnitedHealth Group, Inc."
"H6723","7","MEDICAL MUTUAL OF OHIO","Medical Mutual of Ohio","MEDICAL MUTUAL OF OHIO"
"H6743","13","ATRIO HEALTH PLANS","ATRIO Health Plans","ATRIO Health Plans"
"H6759","2","Senior CommUnity Care Of Kentucky","Senior CommUnity Care of Kentucky","Volunteers of America National Services"
"H6765","2","AMERICAN HEALTH PLAN OF IOWA INC","Iowa Health Advantage","Mitchell Family Office"
"H6776","2","ELDERSERVE HEALTH, INC.","ElderServe Health","CareSource"
"H6787","2","VOANS SENIOR COMMUNITY CARE OF MICHIGAN, INC.","Senior Community Care of Michigan","Volunteers of America National Services"
"H6796","2","CLINICAS DE SALUD DEL PUEBLO, INC.","PACE by Innercare","Clinicas de Salud del Pueblo, Inc."
"H6813","2","DEVOTED HEALTH INSURANCE COMPANY OF TEXAS","Devoted Health","Devoted Health, Inc."
"H6815","3","HEALTH NET HEALTH PLAN OF OREGON, INC.","Wellcare","Centene Corporation"
"H6824","2","UNITEDHEALTHCARE INSURANCE COMPANY","UnitedHealthcare","UnitedHealth Group, Inc."
"H6832","2","ALIGN SENIOR CARE MI, LLC","Align Senior Care","Curana Health Holdings, LLC"
"H6846","2","CAREPARTNERS REHABILITATION HOSPITAL, LLLP","CarePartners PACE","HCA Healthcare, Inc."
"H6847","4","Mass General Brigham Health Plan, Inc.","Mass General Brigham Health Plan","Mass General Brigham Incorporated"
"H6851","3","BOSTON MEDICAL CENTER HEALTH PLAN, INC.","WellSense Health Plan","BMC Health System, Inc."
"H6852","20","DEVOTED HEALTH PLAN OF PENNSYLVANIA INC","Devoted Health","Devoted Health, Inc."
"H6868","2","BOLDAGE PACE KENTUCKY, LLC","BoldAge PACE","BoldAge PACE, LLC"
"H6874","2","ASPIRUS HEALTH PLAN, INC.","Aspirus Health Plan","Aspirus, Inc."
"H6876","6","ZING HEALTH OF MICHIGAN, INC.","Zing Health","Zing Health Consolidator, Inc"
"H6887","2","INSPIRA HEALTH NETWORK LIFE, INC.","Inspira Health Network LIFE","Inspira Health Network, Inc."
"H6891","1","AMERICAN HEALTH PLAN OF TX, INC.","American Health Advantage of Texas","Mitchell Family Office"
"H6898","5","VERMONT BLUE ADVANTAGE, INC.","Vermont Blue Advantage","Blue Cross Blue Shield of Michigan Mutual Ins. Co."
"H6910","5","MOUNT CARMEL HEALTH PLAN OF IDAHO, INC.","Saint Alphonsus Health Plan","Trinity Health Corporation"
"H6941","2","LIFE PACE","LIFE PACE, INC.","LIFE Senior Services, Inc."
"H6959","2","ISNP VENTURES, LLC","KeyCare Advantage","ISNP Holdings, LLC"
"H6971","1","MERIDIAN HEALTH PLAN OF ILLINOIS, INC.","Wellcare","Centene Corporation"
"H6988","6","Anthem HP, LLC","Anthem Blue Cross and Blue Shield HP","Elevance Health, Inc."
"H6994","10","DEVOTED HEALTH PLAN OF VIRGINIA INC","Devoted Health","Devoted Health, Inc."
"H7003","2","PACE NEBRASKA","Immanuel Pathways Omaha","Immanuel"
"H7006","4","ATRIO HEALTH PLANS","ATRIO Health Plans","ATRIO Health Plans"
"H7020","4","HEALTHSPRING LIFE & HEALTH INSURANCE COMPANY, INC.","HealthSpring","Health Care Service Corporation"
"H7027","2","ESPERANZA HEALTH CENTERS","Panorama PACE","Esperanza Health Centers"
"H7028","6","DEVOTED HEALTH INSURANCE COMPANY OF SOUTH CAROLINA INC","Devoted Health","Devoted Health, Inc."
"H7059","2","STRATUM LIFE, LLC","Stratum LIFE","Empath Health, Inc."
"H7063","7","BLUECROSS BLUESHIELD KANSAS SOLUTIONS, INC.","Blue Cross and Blue Shield of Kansas","Blue Cross Blue Shield of Kansas"
"H7074","5","ALIGNMENT HEALTH PLAN OF NORTH CAROLINA, INC.","Alignment Health Plan","Alignment Healthcare USA, LLC"
"H7093","2","COMMUNITY INSURANCE COMPANY","Anthem Blue Cross and Blue Shield","Elevance Health, Inc."
"H7114","2","VALIR PACE","Valir PACE","Valir PACE, LLC."
"H7115","6","MEMORIAL HERMANN HEALTH PLAN","Memorial Hermann Health Plan","Memorial Hermann Health System"
"H7123","1","UPMC HEALTH COVERAGE, INC.","UPMC for Life Complete Care","UPMC Health System"
"H7147","9","DEVOTED HEALTH PLAN OF COLORADO INC","Devoted Health","Devoted Health, Inc."
"H7149","4","AETNA HEALTH INC. (PA)","Aetna Medicare","CVS Health Corporation"
"H7151","4","DEVOTED HEALTH PLAN OF ILLINOIS, INC.","Devoted Health","Devoted Health, Inc."
"H7195","2","NORTHLAND PACE PROGRAM","Northland PACE Senior Care Services","Northland Healthcare Alliance"
"H7199","1","DEVOTED HEALTH  PLAN OF OREGON","Devoted Health","Devoted Health, Inc."
"H7220","3","HealthKeepers, Inc.","Anthem HealthKeepers","Elevance Health, Inc."
"H7233","2","VOANS SENIOR COMMUNITY CARE OF MARYLAND","Senior CommUnity Care of Maryland","Volunteers of America National Services"
"H7239","5","PROMINENCE HEALTHFIRST OF FLORIDA INC","Prominence Health Plan","Universal Health Services, Inc."
"H7262","2","TRU COMMUNITY CARE","TRU PACE","TRU Community Care"
"H7275","1","PROVIDER PARTNERS HEALTH PLAN OF KENTUCKY","Provider Partners Health Plans","Rifkin Managed Care Holding, LLC"
"H7284","4","HUMANA HEALTH INSURANCE COMPANY OF FLORIDA, INC.","Humana","Humana Inc."
"H7296","2","HOSPICE OF METRO DENVER, INC","Colorado PACE","Hospice of Metro Denver, Inc"
"H7301","12","COVENTRY HEALTH CARE OF ILLINOIS, INC.","Aetna Medicare","CVS Health Corporation"
"H7323","2","WELLCARE NATIONAL HEALTH INSURANCE COMPANY","Wellcare","Centene Corporation"
"H7326","2","WELLCARE OF SOUTH CAROLINA, INC.","Wellcare","Centene Corporation"
"H7355","8","DEVOTED HEALTH INSURANCE COMPANY OF MISSISSIPPI","Devoted Health","Devoted Health, Inc."
"H7366","2","CONCERTOHEALTH PACE OF LOS ANGELES, LLC","InnovAge California PACE - Crenshaw","Total Community Options, Inc."
"H7379","7","CAREFIRST ADVANTAGE PPO, INC.","CareFirst BlueCross BlueShield Medicare Advantage","CareFirst, Inc."
"H7389","1","HealthSpring Life & Health Insurance Company, Inc.","HealthSpring","Health Care Service Corporation"
"H7397","8","DEVOTED HEALTH INSURANCE COMPANY OF ARKANSAS INC","Devoted Health","Devoted Health, Inc."
"H7435","1","MERIDIAN HEALTH PLAN OF MICHIGAN, INC.","Wellcare","Centene Corporation"
"H7464","3","UNITEDHEALTHCARE OF THE MID-ATLANTIC, INC.","UnitedHealthcare","UnitedHealth Group, Inc."
"H7469","2","PACE PARTNERS OF NORTHEAST FLORIDA, INC.","PACE Partners of Northeast Florida","Community Hospice of Northeast Florida, Inc."
"H7471","15","DEVOTED HEALTH INSURANCE COMPANY OF INDIANA","Devoted Health","Devoted Health, Inc."
"H7501","2","ORANGE COUNTY HEALTH AUTHORITY","CalOptima Health PACE","Orange County Health Authority"
"H7511","2","GOOD SAMARITAN INSURANCE PLAN OF NEBRASKA, INC.","Great Plains Medicare Advantage","Sanford Health"
"H7512","1","CENTENE VENTURE COMPANY MICHIGAN","Ascension Complete","Centene Corporation"
"H7518","3","WELLCARE OF MISSOURI HEALTH INSURANCE COMPANY, INC","Wellcare","Centene Corporation"
"H7522","14","MMM HEALTHCARE, LLC","Medicare y Mucho Mas (MMM)","Elevance Health, Inc."
"H7524","4","EXCELLUS HEALTH PLAN COMMUNITY CARE LLC","Excellus Health Plan Community Care LLC","Lifetime Healthcare, Inc."
"H7557","1","LONGEVITY HEALTH PLAN OF MICHIGAN, INC.","Longevity Health Plan","Longevity Health Founders, LLC"
"H7598","2","GROUP HEALTH COOPERATIVE OF EAU CLAIRE","Group Health Cooperative of Eau Claire","Group Health Cooperative of Eau Claire"
"H7605","9","DEVOTED HEALTH PLAN OF TENNESSEE INC","Devoted Health","Devoted Health, Inc."
"H7607","4","CLEVER CARE OF GOLDEN STATE, INC.","Clever Care Health Plan","Clever Care Health Plan, Inc."
"H7617","115","EMPHESYS INSURANCE COMPANY","Humana","Humana Inc."
"H7619","2","ATLANTICARE HEALTH SERVICES, INC.","AtlantiCare LIFE Connection","AtlantiCare Health Services, Inc."
"H7620","1","SANTA BARBARA SAN LUIS OBISPO REGIONAL HEALTH AUTHORITY DBA CENCAL HEALTH","CenCal CareConnect","SANTA BARBARA SAN LUIS OBISPO REGIONAL HEALTH AUTH"
"H7635","1","NEIGHBORHOOD HEALTH PLAN OF RHODE ISLAND","Neighborhood Health Plan of Rhode Island","NEIGHBORHOOD HEALTH PLAN OF RHODE ISLAND"
"H7656","2","VALLEY PACE, LLC","BoldAge PACE","Valley PACE, LLC"
"H7660","2","VIECARE BEAVER, LLC","LIFE Beaver and Lawrence Counties","Lutheran SeniorLife"
"H7670","2","CENTRAL MASS HEALTH, LLC","Mass Advantage","Central Mass Health Holding LLC"
"H7678","1","MOLINA HEALTHCARE OF TEXAS, INC.","Molina Healthcare of Texas, Inc.","Molina Healthcare, Inc."
"H7680","14","PROMINENCE HEALTHFIRST OF TEXAS","Prominence Health Plan","Universal Health Services, Inc."
"H7710","2","HIGHMARK BCBSD, INC.","Highmark Blue Cross Blue Shield","Highmark Health"
"H7725","2","VOANS SENIOR COMMUNITY CARE OF JEFFERSON COUNTY","Senior CommUnity Care of Jefferson County","Volunteers of America National Services"
"H7766","9","DEVOTED HEALTH INSURANCE COMPANY OF LOUISIANA","Devoted Health","Devoted Health, Inc."
"H7777","2","TRIHEALTH G, LLC","PACE of Cincinnati","TriHealth, Inc."
"H7779","1","AMERICAN HEALTH PLAN, INC.","American Health Advantage of Tennessee","Mitchell Family Office"
"H7787","28","HEALTHSPRING LIFE & HEALTH INSURANCE COMPANY, INC.","HealthSpring","Health Care Service Corporation"
"H7831","2","PRIME ACQUISITIONS, LLC","EverTrue PACE","Midwest Christian Villages, Inc."
"H7849","32","HEALTHSPRING LIFE & HEALTH INSURANCE COMPANY, INC.","HealthSpring","Health Care Service Corporation"
"H7855","2","BRANDMAN CENTERS FOR SENIOR CARE, INC.","Brandman Centers for Senior Care","Los Angeles Jewish Home for the Aging"
"H7917","21","BLUECROSS BLUESHIELD OF TENNESSEE, INC.","BlueCross BlueShield of Tennessee","BlueCross BlueShield of Tennessee"
"H7980","1","BOSTON MEDICAL CENTER HEALTH PLAN, INC.","WellSense Health Plan","BMC Health System, Inc."
"H7993","32","DEVOTED HEALTH PLAN OF TEXAS, INC.","Devoted Health","Devoted Health, Inc."
"H8003","11","BLUECROSS AND BLUESHIELD OF SOUTH CAROLINA","Blue Cross Blue Shield of South Carolina","BlueCross BlueShield of South Carolina (BCBSSC)"
"H8010","2","CLOVER HMO OF NEW JERSEY INC.","Clover Health","Clover Health Holdings, Inc."
"H8048","2","KINSHIP PACE OF INDIANA, LLC","Kinship PACE of Indiana, LLC","CitiPACE Holding Company, LLC"
"H8051","1","SAN FRANCISCO HEALTH AUTHORITY DBA SAN FRANCISCO HEALTH PLAN","San Francisco Health Plan","SAN FRANCISCO HEALTH AUTHORITY"
"H8067","3","PROVIDER PARTNERS HEALTH PLAN, INC.","Provider Partners Health Plans","Rifkin Managed Care Holding, LLC"
"H8082","2","STOCKTON PACE","WelbeHealth","WelbeHealth LLC."
"H8093","2","GEORGIA ASSURANCE, INC.","Georgia Health Advantage","Mitchell Family Office"
"H8095","4","WELLMARK ADVANTAGE HEALTH PLAN, INC.","Wellmark Advantage Health Plan","Blue Cross Blue Shield of Michigan Mutual Ins. Co."
"H8096","2","CENTRA HEALTH, INC.","Centra PACE","Centra Health, Inc."
"H8099","2","VOANS SENIOR COMMUNITY CARE OF NORTHERN KENTUCKY","Senior CommUnity Care of Northern Kentucky","Volunteers of America National Services"
"H8121","1","CENTENE VENTURE COMPANY TENNESSEE","Ascension Complete","Centene Corporation"
"H8133","2","GHS INSURANCE COMPANY","Blue Cross and Blue Shield of Texas","Health Care Service Corporation"
"H8142","14","SCOTT AND WHITE HEALTH PLAN","Baylor Scott & White Health Plan","Baylor Scott & White Health"
"H8145","11","HUMANA INSURANCE COMPANY","Humana","Humana Inc."
"H8166","8","HIGHMARK BCBSD INC.","Highmark Blue Cross Blue Shield","Highmark Health"
"H8171","2","BEACON PACE ILLINOIS, LLC","BoldAge PACE","BoldAge PACE, LLC"
"H8173","15","DEVOTED HEALTH PLAN OF ARIZONA, INC.","Devoted Health","Devoted Health, Inc."
"H8176","1","MOLINA HEALTHCARE OF SOUTH CAROLINA,INC","Molina Healthcare of South Carolina","Molina Healthcare, Inc."
"H8181","7","SAPPHIRE EDGE, INC.","Blue Cross and Blue Shield of Nebraska","Blue Cross Blue Shield of Nebraska"
"H8189","3","MANAGED HEALTH SERVICES INSURANCE CORP.","Wellcare","Centene Corporation"
"H8211","8","CARE IMPROVEMENT PLUS SOUTH CENTRAL INSURANCE CO.","UnitedHealthcare","UnitedHealth Group, Inc."
"H8212","1","AMERIHEALTH CARITAS NORTH CAROLINA, INC.","AmeriHealth Caritas VIP Care","Independence Health Group, Inc."
"H8261","2","PACIFICSOURCE PACE, LLC","PacificSource PACE","PacificSource"
"H8298","1","HORIZON HEALTHCARE OF NEW JERSEY, INC.","Horizon Blue Cross Blue Shield of New Jersey","Horizon Mutual Holdings, Inc"
"H8320","10","Devoted of Illinois, Inc.","Devoted Health","Devoted Health, Inc."
"H8330","2","TUFTS ASSOCIATED HEALTH MAINTENANCE ORGANIZATION","Tufts Health Plan","Point32Health, Inc."
"H8332","2","AETNA HEALTH INC. (TX)","Aetna Medicare","CVS Health Corporation"
"H8379","2","PRIORITY HEALTH CHOICE, INC.","Priority Health Medicare","Corewell Health"
"H8385","4","SANFORD HEALTH PLAN","Align powered by Sanford Health Plan","Sanford Health"
"H8390","2","CARESOURCE GEORGIA CO.","CareSource","CareSource"
"H8421","2","ACUTECARE PACE FRANKLIN, LLC","BoldAge PACE","BoldAge PACE, LLC"
"H8424","2","SIOUXLAND PACE, INC.","UnityPoint Health PACE Senior Care","Iowa Health System"
"H8432","14","ANTHEM HP, LLC.","Anthem Blue Cross and Blue Shield HP","Elevance Health, Inc."
"H8457","1","LONGEVITY HEALTH PLAN OF NEW YORK, INC.","Longevity Health Plan","Longevity Health Founders, LLC"
"H8481","1","HAWAII MEDICAL SERVICE ASSOCIATION (HMSA)","HMSA Akamai Advantage Dual Care","Hawaii Medical Service Association"
"H8492","1","DIGNITY CARE CORPORATION","American Health Advantage of Louisiana","Mitchell Family Office"
"H8547","1","ILLINOIS BLUE CROSS BLUE SHIELD INSURANCE COMPANY","Blue Cross and Blue Shield of Illinois","Health Care Service Corporation"
"H8552","1","ANTHEM BLUE CROSS LIFE AND HEALTH INS COMPANY","Anthem Blue Cross Life and Health Insurance Company","Elevance Health, Inc."
"H8554","2","GHS INSURANCE COMPANY","Blue Cross and Blue Shield of OK, TX","Health Care Service Corporation"
"H8573","2","BEACON OF LIFE NORTH NJ, LLC","Beacon of Life North NJ, LLC","BoldAge PACE, LLC"
"H8578","8","HEALTH NEW ENGLAND, INC.","Health New England Medicare Advantage Plans","Baystate Health, Inc."
"H8597","3","AETNA BETTER HEALTH OF TEXAS INC.","Aetna Medicare","CVS Health Corporation"
"H8604","4","THP INSURANCE COMPANY","The Health Plan","The Health Plan of West Virginia, Inc."
"H8614","2","MILFORD WELLNESS VILLAGE PACE","PACE Your LIFE","Milford Wellness Village PACE, LLC"
"H8634","36","HEALTH CARE SERVICE CORPORATION","Blue Cross and Blue Shield of IL, NM, OK, TX","Health Care Service Corporation"
"H8649","4","AETNA HEALTH OF UTAH INC.","Aetna Medicare","CVS Health Corporation"
"H8655","2","INNOVAGE VIRGINIA PACE II, LLC","InnovAge Virginia PACE - Richmond and Peninsula","Total Community Options, Inc."
"H8711","1","WELLCARE HEALTH INSURANCE COMPANY OF NEW JERSEY","Wellcare","Centene Corporation"
"H8764","5","ASPIRE HEALTH PLAN","Aspire Health","Montage Health"
"H8768","36","CARE IMPROVEMENT PLUS SOUTH CENTRAL INSURANCE CO.","UnitedHealthcare","UnitedHealth Group, Inc."
"H8769","2","Center for Gerontology","Ascension Living PACE Michigan","Ascension Health Alliance"
"H8777","2","COMPLETE SENIOR CARE, INC.","Complete Senior Care","Health Association of Niagara County, Incorp."
"H8794","17","KAISER FOUNDATION HP, INC.","Kaiser Permanente","Kaiser Foundation Health Plan, Inc."
"H8797","3","PERENNIAL ADVANTAGE OF OHIO, INC.","Perennial Advantage","Perennial Consortium, LLC"
"H8800","2","TOTAL SENIOR CARE, INC.","Total Senior Care, Inc.","Community Care of Western New York, Inc."
"H8811","2","MYPLACE SOUTH LA PACE INC.","myPlace PACE","SCAN Group"
"H8832","7","ALIGNMENT HEALTH ADVANTAGE PLAN INC","Alignment Health Plan","Alignment Healthcare USA, LLC"
"H8845","4","MOLINA HEALTHCARE OF ARIZONA, INC.","Molina Healthcare of Arizona","Molina Healthcare, Inc."
"H8849","7","WELLPOINT INSURANCE COMPANY","Wellpoint","Elevance Health, Inc."
"H8854","1","CAREFIRST ADVANTAGE DSNP, INC.","CareFirst BlueCross BlueShield Advantage DualPrime","CareFirst, Inc."
"H8879","1","Healthy Mississippi, Inc.","Healthy Mississippi, Inc.","Singh Holdings LLC"
"H8889","17","MEDICA HEALTH PLANS","Medica","Medica Holding Company"
"H8894","1","Inland Empire Health Plan","IEHP DualChoice","INLAND EMPIRE HEALTH PLAN"
"H8902","8","SCAN HEALTH PLAN TEXAS, INC.","SCAN Health Plan","SCAN Group"
"H8908","9","HUMANA MEDICAL PLAN OF MICHIGAN, INC.","Humana","Humana Inc."
"H8917","4","DEVOTED HEALTH INSURANCE COMPANY OF WASHINGTON","Devoted Health","Devoted Health, Inc."
"H8928","1","FALLON COMMUNITY HEALTH PLAN","Fallon Health","Fallon Community Health Plan, Inc."
"H8947","2","PEAK HEALTH INSURANCE CORPORATION","Peak Health","West Virginia United Health System, Inc."
"H8967","3","SANFORD HEALTH PLAN","Great Plains Medicare Advantage","Sanford Health"
"H8982","2","BROWARD PACE PROGRAM LLC","Broward PACE Program, LLC","SFH PACE Holdings LLC"
"H8992","2","PACE KC, LLC","PACE KC","Swope Health Services"
"H9001","5","FALLON COMMUNITY HEALTH PLAN","Fallon Health","Fallon Community Health Plan, Inc."
"H9003","6","KAISER FOUNDATION HP OF THE N W","Kaiser Permanente","Kaiser Foundation Health Plan, Inc."
"H9042","3","SOUTHEASTERN INDIANA HEALTH ORGANIZATION, INC.","MyTruAdvantage","SIHO Holding, Inc."
"H9047","13","PROVIDENCE HEALTH ASSURANCE","Providence Medicare Advantage Plans","Providence St Joseph Health"
"H9052","2","REGION VII AREA AGENCY ON AGING","Sunrise PACE","Region VII Area Agency on Aging, Inc."
"H9065","4","AMH HEALTH, LLC","AMH Health","Elevance Health, Inc."
"H9066","3","VISITING NURSE ASSOCIATION OF CENTRAL NEW YORK","Nascentia Health Plus","VISITING NURSE ASSOCIATION OF CENTRAL NEW YORK"
"H9068","2","ALBRIGHT CARE SERVICES","ALBRIGHT CARE SERVICES","Asbury Communities, Inc."
"H9096","11","DEAN HEALTH PLAN, INC.","Dean Advantage","Medica Holding Company"
"H9147","1","BLUE CROSS AND BLUE SHIELD OF NORTH CAROLINA","Blue Cross and Blue Shield of North Carolina","CuraCor Solutions Corp."
"H9153","1","WEST VIRGINIA SENIOR ADVANTAGE, INC.","West Virginia Senior Advantage","SNP Holdings, LLC"
"H9179","5","TRINITY HEALTH PLAN OF MICHIGAN INC","Trinity Health Plan of Michigan","Trinity Health Corporation"
"H9185","2","A&D CHARITABLE FOUNDATION, INC.","Great Lakes PACE","A&D Charitable Foundation, Inc."
"H9191","3","PROVIDER PARTNERS HEALTH PLAN OF MISSOURI, INC.","Provider Partners Health Plans","Rifkin Managed Care Holding, LLC"
"H9207","8","HEALTH PARTNERS PLANS, INC.","Jefferson Health Plans","Thomas Jefferson University"
"H9219","1","AMH HEALTH PLANS OF MAINE, INC.","AMH Health","Elevance Health, Inc."
"H9231","13","DEVOTED HEALTH INSURANCE COMPANY OF TENNESSEE INC","Devoted Health","Devoted Health, Inc."
"H9252","2","MOUNT SINAI ELDERCARE, INC.","Mount Sinai Eldercare","Mount Sinai Medical Center of Florida, Inc."
"H9266","2","PIEDMONT HEALTH SERVICES, INC.","Piedmont Health SeniorCare","PIEDMONT HEALTH SERVICES, INC."
"H9289","2","COMPLETE CARE PACE PROGRAM","Complete Care PACE Program","Center for Family Health and Education"
"H9306","6","ALTERWOOD ADVANTAGE, INC.","Alterwood Advantage","LifeBridge Health, Inc."
"H9314","1","AETNA BETTER HEALTH OF MICHIGAN INC.","Aetna Medicare HIDE","CVS Health Corporation"
"H9317","2","BEACON OF LIFE SC, LLC","BoldAge PACE","BoldAge PACE, LLC"
"H9323","2","BEACON OF LIFE CENTRAL NJ, LLC","BoldAge PACE","BoldAge PACE, LLC"
"H9326","4","WYOBLUE ADVANTAGE INC","WyoBlue Advantage","Blue Cross Blue Shield of Michigan Mutual Ins. Co."
"H9360","2","CHINATOWN SERVICE CENTER","www.cscpace.org","CHINATOWN SERVICE CENTER"
"H9364","4","WELLCARE OF MAINE, INC.","Wellcare","Centene Corporation"
"H9387","3","SUNFLOWER STATE HEALTH PLAN, INC.","Wellcare","Centene Corporation"
"H9411","2","1818 WESTERN, LLC","HeritAge PACE","1818 WESTERN LLC"
"H9412","1","GEISINGER QUALITY OPTIONS, INC.","Geisinger Gold","Risant Health, Inc."
"H9431","2","FIRST HEALTH LIFE & HEALTH INSURANCE COMPANY","Aetna Medicare","CVS Health Corporation"
"H9438","2","BLUESTEM PACE, INC.","Bluestem PACE","Bluestem Communities, Inc."
"H9460","2","HEALTHSPRING LIFE & HEALTH INSURANCE COMPANY, INC.","HealthSpring","Health Care Service Corporation"
"H9468","2","ONE SENIOR CARE KENTUCKY, LLC","Mountain View PACE","One Senior Care, Inc."
"H9485","6","Mass General Brigham Health Plan, Inc.","Mass General Brigham Health Plan","Mass General Brigham Incorporated"
"H9489","8","VERMONT BLUE ADVANTAGE, INC.","Vermont Blue Advantage","Blue Cross Blue Shield of Michigan Mutual Ins. Co."
"H9525","18","COMPCARE HEALTH SERVICES INSURANCE CORPORATION","Anthem Blue Cross and Blue Shield","Elevance Health, Inc."
"H9564","2","PACE4DC LLC","PACE4DC LLC","Element Care INC."
"H9572","12","BCBS OF MICHIGAN MUTUAL INSURANCE COMPANY","Blue Cross Blue Shield of Michigan","Blue Cross Blue Shield of Michigan Mutual Ins. Co."
"H9590","1","LONGEVITY HEALTH PLAN OF ILLINOIS, INC.","Longevity Health","Longevity Health Founders, LLC"
"H9592","2","INNOVATIVE INTEGRATED HEALTH, INC.","Innovative Integrated Health Inc.","Innovative Integrated Health, Inc."
"H9615","8","MVP HEALTH PLAN, INC.","MVP HEALTH CARE","MVP Health Care, Inc."
"H9616","2","San Diego PACE, LLC","San Diego PACE","Centro de Salud de la Comunidad de San Ysidro"
"H9623","1","Ventura County Medi-Cal Managed Care Commission","Gold Coast Health Plan","Ventura County Medi-Cal Managed Care Commission"
"H9630","6","ARKANSAS HEALTH & WELLNESS HEALTH PLAN, INC.","Wellcare","Centene Corporation"
"H9649","2","HOPEWEST","HopeWest PACE","Hopewest"
"H9678","1","HEALTHFIRST INSURANCE COMPANY, INC.","Healthfirst Medicare Plan","Healthfirst, Inc."
"H9686","10","ALIGNMENT HEALTH PLAN OF NEVADA, INC.","Alignment Health Plan","Alignment Healthcare USA, LLC"
"H9690","1","AMERICAN HEALTH PLAN OF INDIANA INC","American Health Advantage of Indiana","Mitchell Family Office"
"H9699","1","USABLE HMO, INC.","Arkansas Blue Medicare","USAble Mutual Insurance Company"
"H9700","9","DEVOTED HEALTH PLAN OF NORTH CAROLINA INC","Devoted Health","Devoted Health, Inc."
"H9706","9","HCSC INSURANCE SERVICES COMPANY","Blue Cross and Blue Shield of Texas","Health Care Service Corporation"
"H9725","11","BRAVO HEALTH PENNSYLVANIA, INC.","HealthSpring","Health Care Service Corporation"
"H9730","6","WELLCARE HEALTH INSURANCE COMPANY OF KENTUCKY, INC","Wellcare","Centene Corporation"
"H9771","1","AETNA BETTER HEALTH PREMIER PLAN MMAI INC.","Aetna Medicare FIDE","CVS Health Corporation"
"H9802","6","DEVOTED HEALTH INSURANCE COMPANY OF NEBRASKA","Devoted Health","Devoted Health, Inc."
"H9808","6","CARE N' CARE INSURANCE COMPANY OF NORTH CAROLINA","HealthTeam Advantage","Risant Health, Inc."
"H9811","1","MAGNOLIA HEALTH PLAN, INC.","Wellcare","Centene Corporation"
"H9826","2","COMMUNITY HEALTH CHOICE TEXAS, INC.","Community Health Choice","Harris County Hospital District"
"H9827","5","MOUNT CARMEL HEALTH PLAN OF NEW YORK, INC.","Trinity Health Plan New York","Trinity Health Corporation"
"H9830","2","INNOVAGE PENNSYLVANIA LIFE, LLC","InnovAge Pennsylvania LIFE","Total Community Options, Inc."
"H9834","5","QUARTZ HEALTH PLAN MN CORPORATION","Quartz Medicare Advantage (HMO)","University of Wisconsin Hospitals and Clincs Autho"
"H9842","2","SAINT JOSEPH PACE","Saint Joseph PACE","Trinity Health Corporation"
"H9884","4","DEVOTED HEALTH INSURANCE COMPANY","Devoted Health","Devoted Health, Inc."
"H9888","13","DEVOTED HEALTH INSURANCE COMPANY OF ALABAMA INC","Devoted Health","Devoted Health, Inc."
"H9904","2","CENTRAL MASS HEALTH, LLC","Mass Advantage","Central Mass Health Holding LLC"
"H9907","5","TUFTS ASSOCIATED HEALTH MAINTENANCE ORGANIZATION","Tufts Health Plan","Point32Health, Inc."
"H9909","1","AMERICAN HEALTH PLAN OF MS, INC.","American Health Advantage of MS","Mitchell Family Office"
"H9916","1","WELLCARE HEALTH INSURANCE OF ARIZONA, INC.","Wellcare","Centene Corporation"
"H9917","2","ALIGN SENIOR CARE FLORIDA, INC.","Align Senior Care","Curana Health Holdings, LLC"
"H9942","2","LONGEVITY HEALTH PLAN OF NEW JERSEY INSURANCE COMP","Longevity Health Plan","Longevity Health Founders, LLC"
"H9955","2","MOLINA HEALTHCARE OF OHIO, INC.","Molina Healthcare of Ohio","Molina Healthcare, Inc."
"H9968","1","AMERICAN HEALTH PLAN OF PENNSYLVANIA INC","American Health Advantage of Pennsylvania","Mitchell Family Office"
"H9977","7","DEVOTED HEALTH PLAN OF NEW MEXICO, INC.","Devoted Health","Devoted Health, Inc."
"H9986","3","HPMP OF FLORIDA, INC.","Florida Complete Care","Independent Living Systems, LLC"
"H9998","2","LUBBOCK REGIONAL MENTAL HEALTH MENTAL RETARDATION","Silver Star","Lubbock Regional Mental Health"
"R0110","33","HUMANA INSURANCE COMPANY","Humana","Humana Inc."
"R0759","3","CARE IMPROVEMENT PLUS SOUTH CENTRAL INSURANCE CO.","UnitedHealthcare","UnitedHealth Group, Inc."
"R1532","4","HUMANA INSURANCE COMPANY","Humana","Humana Inc."
"R2604","2","CARE IMPROVEMENT PLUS SOUTH CENTRAL INSURANCE CO.","UnitedHealthcare","UnitedHealth Group, Inc."
"R3175","1","UNITEDHEALTHCARE INSURANCE COMPANY","UnitedHealthcare","UnitedHealth Group, Inc."
"R3444","3","CARE IMPROVEMENT PLUS SOUTH CENTRAL INSURANCE CO.","UnitedHealthcare","UnitedHealth Group, Inc."
"R4182","5","HUMANA INSURANCE COMPANY","Humana","Humana Inc."
"R5342","1","CARE IMPROVEMENT PLUS SOUTH CENTRAL INSURANCE CO.","UnitedHealthcare","UnitedHealth Group, Inc."
"R5361","4","HUMANA INSURANCE COMPANY","Humana","Humana Inc."
"R5826","5","HUMANA INSURANCE COMPANY","Humana","Humana Inc."
"R5941","3","ANTHEM INSURANCE COMPANIES, INC.","Anthem Blue Cross and Blue Shield","Elevance Health, Inc."
"R6694","1","AETNA LIFE INSURANCE COMPANY","Aetna Medicare","CVS Health Corporation"
"R6801","4","CARE IMPROVEMENT PLUS SOUTH CENTRAL INSURANCE CO.","UnitedHealthcare","UnitedHealth Group, Inc."
"R7220","4","HUMANA INSURANCE COMPANY","Humana","Humana Inc."
"R7444","1","CARE IMPROVEMENT PLUS SOUTH CENTRAL INSURANCE CO.","UnitedHealthcare","UnitedHealth Group, Inc."
"S0262","6","KAISER PERMANENTE INSURANCE COMPANY","Kaiser Permanente","Kaiser Foundation Health Plan, Inc."
"S0375","2","CAREFIRST ADVANTAGE PPO, INC","CareFirst BlueCross BlueShield Group Prescription Drug Plan","CareFirst, Inc."
"S0586","1","MVP HEALTH PLAN, INC.","MVP Health Care","MVP Health Care, Inc."
"S1030","7","BCBS OF ALABAMA & UTIC INSURANCE COMPANY","BlueRx (PDP)","BlueCross BlueShield of Alabama"
"S1140","2","Highmark Western and Northeastern New York Inc.","Highmark Blue Cross Blue Shield or Highmark Blue Shield","Highmark Health"
"S1822","4","HEALTHPARTNERS, INC.","HealthPartners","HealthPartners, Inc."
"S2135","6","BLUE CROSS BLUE SHIELD ASSOCIATION","Blue Cross Blue Shield Association","BlueCross BlueShield Association, Federal Employee"
"S2468","4","CALIFORNIA PHYSICIANS' SERVICE","Blue Shield of California","California Physicians' Service"
"S2893","4","ANTHEM INSURANCE CO. & BCBSMA & BCBSRI & BCBSVT","Blue MedicareRx","Elevance Health, Inc. & BCBSMA & BCBSRI & BCBSVT"
"S3285","18","MG INSURANCE COMPANY","MG Insurance Company","MedImpact Holdings, Inc."
"S3389","3","UPMC HEALTH BENEFITS, INC.","UPMC Health Plan","UPMC Health System"
"S3521","1","EXCELLUS HEALTH PLAN, INC.","Excellus Health Plan, Inc","Lifetime Healthcare, Inc."
"S3875","10","GRANITE ALLIANCE INSURANCE COMPANY","Granite Alliance","Prime Therapeutics, LLC."
"S3994","2","HAWAII MEDICAL SERVICE ASSOCIATION (HMSA)","HMSAs Medicare Rx Plan","Hawaii Medical Service Association"
"S4501","16","INDEPENDENT HEALTH BENEFITS CORPORATION","Pharmacy Benefit Dimensions PDP","Independent Health Association, Inc."
"S4802","68","WELLCARE PRESCRIPTION INSURANCE, INC.","Wellcare","Centene Corporation"
"S4983","1","KAISER FOUNDATION HEALTH PLAN OF WASHINGTON OPTIONS INC","Kaiser Permanente","Kaiser Foundation Health Plan, Inc."
"S5540","4","BLUE CROSS AND BLUE SHIELD OF NORTH CAROLINA","Blue Cross and Blue Shield of North Carolina","CuraCor Solutions Corp."
"S5584","4","BCBS OF MICHIGAN MUTUAL INSURANCE COMPANY","Blue Cross Blue Shield of Michigan","Blue Cross Blue Shield of Michigan Mutual Ins. Co."
"S5593","6","HM HEALTH INSURANCE COMPANY","Highmark Blue Shield","Highmark Health"
"S5596","7","ANTHEM INSURANCE COMPANIES, INC.","Anthem Insurance Companies, Inc.","Elevance Health, Inc."
"S5601","56","SILVERSCRIPT INSURANCE COMPANY","Aetna Medicare","CVS Health Corporation"
"S5609","3","ASURIS NORTHWEST HEALTH","Asuris Northwest Health","Cambia Health Solutions, Inc."
"S5617","64","MEDCO CONTAINMENT LIFE AND MEDCO CONTAINMENT NY","HealthSpring","Health Care Service Corporation"
"S5660","6","MEDCO CONTAINMENT LIFE AND MEDCO CONTAINMENT NY","Express Scripts Medicare","Health Care Service Corporation"
"S5715","29","MEDCO CONTAINMENT LIFE & MEDCO CONTAINMENT NY & HEALTH CARE SERVICE CORPORATION","Blue Cross and Blue Shield of IL, NM, OK, TX","Health Care Service Corporation"
"S5726","4","BLUE CROSS AND BLUE SHIELD OF KANSAS","Blue Cross and Blue Shield of Kansas","Blue Cross Blue Shield of Kansas"
"S5743","3","WELLMARK  IA & SD, & BCBS MN, MT, NE, ND,& WY","MedicareBlue Rx","BCBS MN, MT, NE, ND, WY, Wellmark IA and SD"
"S5795","6","USABLE MUTUAL INSURANCE COMPANY","Arkansas Blue Medicare","USAble Mutual Insurance Company"
"S5805","33","UNITEDHEALTHCARE INSURANCE COMPANY OF NEW YORK","UnitedHealthcare","UnitedHealth Group, Inc."
"S5820","36","UNITEDHEALTHCARE INS. CO. & UHC INS. CO. OF NY","UnitedHealthcare","UnitedHealth Group, Inc."
"S5857","2","PRIORITY HEALTH INSURANCE COMPANY","Priority Health Medicare","Corewell Health"
"S5877","2","EDUCATORS MUTUAL INSURANCE ASSOCIATION","EMI Health","Educators Mutual Insurance Association"
"S5884","105","Humana Insurance Co. & Humana Insurance Co. of NY","Humana","Humana Inc."
"S5904","4","BLUE CROSS AND BLUE SHIELD OF FLORIDA, INC.","Florida Blue","Guidewell Mutual Holding Corporation"
"S5916","3","REGENCE BLUESHIELD OF IDAHO AND REGENCE BC BS UTAH","Regence BlueShield of Idaho and Regence BC BS Utah","Cambia Health Solutions, Inc."
"S5921","75","UNITEDHEALTHCARE INS. CO. & UHC INS. CO. OF NY","UnitedHealthcare","UnitedHealth Group, Inc."
"S5953","3","BLUECROSS AND BLUESHIELD OF SOUTH CAROLINA","Blue Cross Blue Shield of South Carolina","BlueCross BlueShield of South Carolina (BCBSSC)"
"S5960","3","WELLPOINT LIFE AND HEALTH INSURANCE COMPANY","Wellpoint","Elevance Health, Inc."
"S5966","2","EMBLEMHEALTH PLAN, INC","EmblemHealth","EmblemHealth, Inc."
"S5975","4","MODA HEALTH PLAN, INC.","Moda Health Plan, Inc.","Moda Partners, Inc."
"S5993","5","HORIZON INSURANCE COMPANY","Horizon Blue Cross Blue Shield of New Jersey","Horizon Mutual Holdings, Inc"
"S6875","2","QCC INSURANCE COMPANY","Independence Blue Cross","Independence Health Group, Inc."
"S6939","1","MASS GENERAL BRIGHAM HEALTH PLAN, INC","Mass General Brigham Health Plan","Mass General Brigham Incorporated"
"S8067","7","Avalon Insurance Company","Avalon Insurance Company","CAPITAL BLUE CROSS"
"S8841","12","OPTUM INSURANCE OF OHIO, INC.","Optum Insurance of Ohio, Inc.","UnitedHealth Group, Inc."
"S9701","6","DEAN HEALTH INSURANCE, INC.","Navitus MedicareRx","Medica Holding Company"
"X0001","2","Humana Insurance Co. & Humana Insurance Co. of NY","Medicare's Limited Income NET Program","Humana Inc."
