Contract Year,Contract ID,MPF Provider Directory URL,Response Format,Last Entered Date
2027,"H0028 - CHA HMO, INC.",https://fhir.humana.com/api,FHIR JSON,6/9/26 13:46
2027,"H0029 - COORDINATED CARE OF WASHINGTON, INC.",https://api.centene.com/medicare/reference/H0029index.json,Machine-readable JSON,7/13/26 14:34
2027,"H0034 - HAMASPIK, INC.",https://gateway.1up.health/v1/hamaspik/r4/public/mpf/H0034-CY2027/index.json,FHIR JSON,9/9/26 11:57
2027,"H0062 - SUPERIOR HEALTHPLAN, INC.",https://api.centene.com/medicare/reference/H0062index.json,Machine-readable JSON,7/13/26 14:35
2027,"H0074 - WELLCARE OF MISSISSIPPI, INC.",https://api.centene.com/medicare/reference/H0074index.json,Machine-readable JSON,7/10/26 15:16
2027,H0104 - BLUE CROSS AND BLUE SHIELD OF ALABAMA,https://www.bcbsal.org/mpf/provider_directory_index.json,FHIR JSON,7/1/26 12:30
2027,"H0111 - WELLCARE OF GEORGIA, INC.",https://api.centene.com/medicare/reference/H0111index.json,Machine-readable JSON,7/10/26 15:16
2027,"H0154 - VIVA HEALTH, INC.",https://gateway.1up.health/v1/viva/r4/public/mpf/H0154-CY2027/index.json,Machine-readable JSON,7/9/26 09:06
2027,"H0169 - UNITEDHEALTHCARE OF WISCONSIN, INC.",https://cms-mpf.optum-uhc-stage.net/api/cms/plans/H0169/2027,Machine-readable JSON,6/23/26 14:22
2027,"H0174 - WELLCARE OF TEXAS, INC.",https://api.centene.com/medicare/reference/H0174index.json,Machine-readable JSON,7/10/26 15:16
2027,"H0251 - UNITEDHEALTHCARE PLAN OF THE RIVER VALLEY, INC.",https://cms-mpf.optum-uhc-stage.net/api/cms/plans/H0251/2027,Machine-readable JSON,6/24/26 08:22
2027,"H0292 - HUMANA HEALTH PLAN OF OHIO, INC.",https://fhir.humana.com/api,FHIR JSON,6/9/26 13:46
2027,H0294 - UNITEDHEALTHCARE INSURANCE COMPANY,https://cms-mpf.optum-uhc-stage.net/api/cms/plans/H0294/2027,Machine-readable JSON,6/24/26 08:23
2027,"H0302 - MEDISUN, INC.",https://edge.sitecorecloud.io/bluecross-6f8ea2ea/media/json/h0302/index.json,Machine-readable JSON,8/24/26 15:30
2027,"H0321 - ARIZONA PHYSICIANS IPA, INC.",https://cms-mpf.optum-uhc-stage.net/api/cms/plans/H0321/2027,Machine-readable JSON,6/23/26 14:31
2027,"H0332 - KS PLAN ADMINISTRATORS, LLC",https://mpf.kelseycareadvantage.com/2027/H0332/index.json,FHIR JSON,8/3/26 18:11
2027,"H0351 - HEALTH NET OF ARIZONA, INC.",https://api.centene.com/medicare/reference/H0351index.json,Machine-readable JSON,7/10/26 15:17
2027,"H0354 - BRAVO HEALTH PENNSYLVANIA, INC.",https://mpf.healthspring.com/H0354/index.json,Machine-readable JSON,7/10/26 18:53
2027,"H0363 - LONGEVITY HEALTH PLAN OF COLORADO, INC.",https://co26dir.longevityhealthplan.com,Machine-readable JSON,6/30/26 15:33
2027,H0413 - DEVOTED HEALTH INSURANCE COMPANY OF DELAWARE,https://fhir.devoted.com/H0413/2027,FHIR JSON,8/12/26 14:49
2027,H0421 - CARE IMPROVEMENT PLUS SOUTH CENTRAL INSURANCE CO.,https://cms-mpf.optum-uhc-stage.net/api/cms/plans/H0421/2027,Machine-readable JSON,6/24/26 09:29
2027,"H0423 - METROPLUS HEALTH PLAN, INC.",https://saeastmrfb2b.blob.core.windows.net/mrf-files/MAPROVIDERS_CODES_2027_20260701.json,Machine-readable JSON,9/4/26 11:33
2027,"H0432 - UNITEDHEALTHCARE OF THE MIDLANDS, INC.",https://cms-mpf.optum-uhc-stage.net/api/cms/plans/H0432/2027,Machine-readable JSON,6/24/26 09:34
2027,"H0439 - HEALTHSPRING LIFE & HEALTH INSURANCE COMPANY, INC.",https://mpf.healthspring.com/H0439/index.json,Machine-readable JSON,7/10/26 18:53
2027,H0473 - HUMANA INSURANCE COMPANY OF KENTUCKY,https://fhir.humana.com/api,FHIR JSON,6/9/26 13:47
2027,H0504 - CALIFORNIA PHYSICIANS' SERVICE,https://cloud-api.blueshieldca.com/fhir-cms-client/api/cms-export/H0504/2027,FHIR JSON,8/24/26 18:07
2027,H0523 - AETNA HEALTH OF CALIFORNIA INC.,https://www.aetna.com/interoperability/2027/H0523/index.json,FHIR JSON,8/7/26 13:10
2027,"H0524 - KAISER FOUNDATION HP, INC.",https://healthy.kaiserpermanente.org/content/dam/kporg/data/ca/index-mpf.json,Machine-readable JSON,8/14/26 19:35
2027,H0543 - UHC OF CALIFORNIA,https://cms-mpf.optum-uhc-stage.net/api/cms/plans/H0543/2027,Machine-readable JSON,6/24/26 09:36
2027,H0544 - BLUE CROSS OF CALIFORNIA,https://totalview.healthos.anthem.com/cms/H0544/index.json,FHIR JSON,8/11/26 08:19
2027,"H0562 - HEALTH NET OF CALIFORNIA, INC.",https://api.centene.com/medicare/reference/H0562index.json,Machine-readable JSON,7/10/26 15:17
2027,H0571 - CHINESE COMMUNITY HEALTH PLAN,https://gateway.1up.health/v1/cchp/r4/publicCCHP/mpf/H0571-CY2027/index.json,FHIR JSON,7/10/26 17:05
2027,"H0609 - UnitedHealthcare Benefits of Texas, Inc.",https://cms-mpf.optum-uhc-stage.net/api/cms/plans/H0609/2027,Machine-readable JSON,6/24/26 09:41
2027,"H0624 - UnitedHealthcare Benefits of Texas, Inc.",https://cms-mpf.optum-uhc-stage.net/api/cms/plans/H0624/2027,Machine-readable JSON,6/24/26 09:43
2027,H0628 - AETNA HEALTH OF OHIO INC.,https://www.aetna.com/interoperability/2027/H0628/index.json,FHIR JSON,8/7/26 13:10
2027,"H0629 - ANTHEM INSURANCE COMPANIES, INC.",https://totalview.healthos.anthem.com/cms/H0629/index.json,FHIR JSON,8/11/26 08:19
2027,H0630 - KAISER FOUNDATION HP OF CO,https://healthy.kaiserpermanente.org/content/dam/kporg/data/co/index-mpf.json,Machine-readable JSON,8/12/26 18:00
2027,"H0672 - HEALTHSPRING HEALTHCARE OF COLORADO, INC.",https://mpf.healthspring.com/H0672/index.json,Machine-readable JSON,7/10/26 18:53
2027,H0710 - CARE IMPROVEMENT PLUS SOUTH CENTRAL INSURANCE CO.,https://cms-mpf.optum-uhc-stage.net/api/cms/plans/H0710/2027,Machine-readable JSON,6/24/26 09:45
2027,"H0712 - WELLCARE OF CONNECTICUT, INC.",https://api.centene.com/medicare/reference/H0712index.json,Machine-readable JSON,7/10/26 15:17
2027,"H0738 - AmeriHealth Caritas VIP Next, Inc.",https://cms.healthsparq.com/mpf/v1/H0738/2027/H0738-2027-index.json,Machine-readable JSON,8/27/26 16:21
2027,H0755 - CARE IMPROVEMENT PLUS SOUTH CENTRAL INSURANCE CO.,https://cms-mpf.optum-uhc-stage.net/api/cms/plans/H0755/2027,Machine-readable JSON,6/24/26 09:47
2027,"H0764 - UNITEDHEALTHCARE OF NEW ENGLAND, INC.",https://cms-mpf.optum-uhc-stage.net/api/cms/plans/H0764/2027,Machine-readable JSON,6/24/26 09:49
2027,"H0777 - MASS GENERAL BRIGHAM HEALTH PLAN, INC",https://mgbhpmpfeptprod-bbc8hyajfhgzdkay.a01.azurefd.net/cms-mpf-prod/Index/H0777_2027_index.json,Machine-readable JSON,7/10/26 16:28
2027,"H0816 - BESHP, INC.",https://shp-web-public.s3.amazonaws.com/PRD/medicare/h0816/mpf-data-index.json,Machine-readable JSON,7/7/26 10:35
2027,"H0907 - WELLPOINT IOWA, INC.",https://totalview.healthos.wellpoint.com/cms/H0907/index.json,FHIR JSON,8/11/26 08:27
2027,"H0913 - WELLCARE HEALTH PLANS OF NEW JERSEY, INC.",https://api.centene.com/medicare/reference/H0913index.json,Machine-readable JSON,7/10/26 15:18
2027,"H0963 - HUMANA MEDICAL PLAN OF MICHIGAN, INC.",https://fhir.humana.com/api,FHIR JSON,6/10/26 11:24
2027,H0976 - SCAN HEALTH PLAN,https://scan-q-002.sitecorecontenthub.cloud/api/public/content/provider_H0976.json,Machine-readable JSON,9/3/26 17:22
2027,"H0978 - SCAN HEALTH PLAN NEVADA, INC.",https://scan-q-002.sitecorecontenthub.cloud/api/public/content/provider_H0978.json,Machine-readable JSON,9/3/26 17:22
2027,"H0982 - SOLIS HEALTH PLANS, INC.",https://solisapigwprovider.azurewebsites.net/api/provider-directory/2027/H0982/machine-readable/index.json,Machine-readable JSON,7/21/26 16:17
2027,"H1019 - CAREPLUS HEALTH PLANS, INC.",https://fhir.humana.com/api,FHIR JSON,6/10/26 11:24
2027,"H1032 - Sunshine State Health Plan, Inc.",https://api.centene.com/medicare/reference/H1032index.json,Machine-readable JSON,7/10/26 15:18
2027,"H1035 - FLORIDA BLUE MEDICARE, INC.",https://q8ye948ddl.execute-api.us-east-1.amazonaws.com/prod/pd/H1035,Machine-readable JSON,7/8/26 09:43
2027,"H1036 - HUMANA MEDICAL PLAN, INC.",https://fhir.humana.com/api,FHIR JSON,6/10/26 11:25
2027,"H1045 - PREFERRED CARE PARTNERS, INC.",https://cms-mpf.optum-uhc-stage.net/api/cms/plans/H1045/2027,Machine-readable JSON,6/24/26 09:50
2027,H1099 - HEALTH FIRST HEALTH PLANS,https://apps.hf.org/applications/dn/cms_json/files/tic/provider_urls.json,FHIR JSON,9/1/26 14:13
2027,H1109 - AETNA HEALTH INC. (GA),https://www.aetna.com/interoperability/2027/H1109/index.json,FHIR JSON,8/7/26 13:10
2027,"H1112 - WELLCARE OF GEORGIA, INC.",https://api.centene.com/medicare/reference/H1112index.json,Machine-readable JSON,7/10/26 15:18
2027,"H1119 - TSG GUARD, INC.",https://vlr.pdjson-h1119.prd.healixcloud.net/index.json,Machine-readable JSON,7/10/26 12:26
2027,"H1170 - KAISER FOUNDATION HP OF GA, INC.",https://healthy.kaiserpermanente.org/content/dam/kporg/data/ga/mpf-medicare.json,Machine-readable JSON,7/9/26 01:11
2027,H1181 - NETWORK HEALTH INSURANCE CORPORATION,https://data.networkhealth.com/plan-finder-mrf/h1181.json,Machine-readable JSON,9/4/26 12:54
2027,"H1206 - COVENTRY HEALTH CARE OF ILLINOIS, INC.",https://www.aetna.com/interoperability/2027/H1206/index.json,FHIR JSON,8/7/26 13:10
2027,"H1212 - WELLPOINT WEST VIRGINIA , INC.",https://totalview.healthos.wellpoint.com/cms/H1212/index.json,FHIR JSON,8/11/26 08:27
2027,"H1215 - NEBRASKA TOTAL CARE, INC.",https://api.centene.com/medicare/reference/H1215index.json,Machine-readable JSON,7/10/26 15:19
2027,H1224 - LOCAL INITIATIVE HEALTH AUTHORITY FOR LA COUNTY,https://us107.ir4.edifecscloud.com/lac_cmsreport/H1224/index.json,FHIR JSON,7/9/26 17:38
2027,"H1225 - HOPKINS HEALTH ADVANTAGE, INC.",https://gateway.1up.health/v1/jhhp/r4/public-ma/mpf/H1225-CY2027/index.json,Machine-readable JSON,7/10/26 17:09
2027,"H1230 - KAISER FOUNDATION HP, INC.",https://healthy.kaiserpermanente.org/content/dam/kporg/data/hi/index-mpf.json,Machine-readable JSON,8/12/26 18:01
2027,H1248 - LOUISIANA HEALTH SERVICE & INDEMNITY COMPANY,https://cdn.lablue.com/cms/H1248/H1248index.json,Machine-readable JSON,5/28/26 17:38
2027,H1278 - CARE IMPROVEMENT PLUS SOUTH CENTRAL INSURANCE CO.,https://cms-mpf.optum-uhc-stage.net/api/cms/plans/H1278/2027,Machine-readable JSON,6/24/26 09:50
2027,"H1280 - ETERNALHEALTH, INC.",https://directory.eternalHealth.com/mpf/H1280/2027/index.json,FHIR JSON,7/11/26 00:12
2027,"H1290 - DEVOTED HEALTH PLAN OF FLORIDA, INC.",https://fhir.devoted.com/H1290/2027,FHIR JSON,8/12/26 14:49
2027,"H1302 - BLUE CROSS OF IDAHO HEALTH SERVICE, INC.",https://hkferwd394.execute-api.us-west-2.amazonaws.com/stage/mpf-export/H1302/2027/index.json,Machine-readable JSON,8/25/26 13:06
2027,"H1339 - JOHNS HOPKINS HEALTH PLAN OF VIRGINIA, INC.",https://gateway.1up.health/v1/jhhp/r4/public-ma/mpf/H1339-CY2027/index.json,Machine-readable JSON,7/10/26 17:10
2027,"H1350 - BLUE CROSS OF IDAHO HEALTH SERVICE, INC.",https://hkferwd394.execute-api.us-west-2.amazonaws.com/stage/mpf-export/H1350/2027/index.json,Machine-readable JSON,8/25/26 13:07
2027,"H1360 - UnitedHealthcare Benefits of Texas, Inc.",https://cms-mpf.optum-uhc-stage.net/api/cms/plans/H1360/2027,Machine-readable JSON,6/24/26 09:51
2027,"H1365 - MARTIN'S POINT GENERATIONS ADVANTAGE, INC.",https://api-MPHC-prd.safhir.io/v1/api/providerdirectory/cms-hpms-manifest/H1365,FHIR JSON,7/8/26 17:52
2027,"H1372 - MARQUIS ADVANTAGE, INC.",https://fhirmpf.curanahealth.com/H1372/2027/,FHIR JSON,8/18/26 11:22
2027,H1390 - DEVOTED HEALTH INSURANCE COMPANY OF NEW JERSEY,https://fhir.devoted.com/H1390/2027,FHIR JSON,6/11/26 09:40
2027,"H1396 - HUMANA BENEFIT PLAN OF SOUTH CAROLINA, INC.",https://fhir.humana.com/api,FHIR JSON,6/10/26 11:25
2027,"H1416 - HARMONY HEALTH PLAN,  INC.",https://api.centene.com/medicare/reference/H1416index.json,Machine-readable JSON,7/10/26 15:19
2027,"H1423 - WELLPOINT HEALTH PLANS, INC.",https://totalview.healthos.wellpoint.com/cms/H1423/index.json,FHIR JSON,8/11/26 08:28
2027,"H1468 - HUMANA BENEFIT PLAN OF ILLINOIS, INC.",https://fhir.humana.com/api,FHIR JSON,6/10/26 11:28
2027,"H1486 - COMMONWEALTH CARE ALLIANCE, INC.",https://www.caresource.com/rest/cs/data/1.0/provider-directory/ma/dual-ico/2026,Machine-readable JSON,7/10/26 16:31
2027,H1526 - GOLD KIDNEY OF FLORIDA INC,https://stgeusconprdgksa001.blob.core.windows.net/gk-providerdirectory-2026/index.json,FHIR JSON,7/9/26 09:50
2027,"H1587 - ARKANSAS SUPERIOR SELECT, INC.",https://assi.pdjson-h1587.prd.healixcloud.net/index.json,Machine-readable JSON,7/9/26 17:14
2027,"H1607 - ANTHEM INSURANCE COMPANIES, INC.",https://totalview.healthos.anthem.com/cms/H1607/index.json,FHIR JSON,8/11/26 08:31
2027,H1608 - COVENTRY HEALTH AND LIFE INSURANCE COMPANY,https://www.aetna.com/interoperability/2027/H1608/index.json,FHIR JSON,8/7/26 13:11
2027,H1609 - AETNA HEALTH INC. (FL),https://www.aetna.com/interoperability/2027/H1609/index.json,FHIR JSON,8/7/26 13:11
2027,"H1610 - COVENTRY HEALTH CARE OF VIRGINIA, INC.",https://www.aetna.com/interoperability/2027/H1610/index.json,FHIR JSON,8/7/26 13:11
2027,"H1611 - MASS GENERAL BRIGHAM HEALTH PLAN, INC",https://mgbhpmpfeptprod-bbc8hyajfhgzdkay.a01.azurefd.net/cms-mpf-prod/Index/H1611_2027_index.json,Machine-readable JSON,7/10/26 16:28
2027,H1619 - PARTNERS INSURANCE COMPANY INC,https://medicare-advantage-plan-finder-provider-directory.jeffersonhealthplans.com/h1619/2027/index.json,FHIR JSON,7/7/26 11:40
2027,"H1644 - LONGEVITY HEALTH PLAN OF FLORIDA, INC.",https://fl26dir.longevityhealthplan.com,Machine-readable JSON,6/30/26 15:34
2027,H1659 - CARE IMPROVEMENT PLUS SOUTH CENTRAL INSURANCE CO.,https://cms-mpf.optum-uhc-stage.net/api/cms/plans/H1659/2027,Machine-readable JSON,6/24/26 09:51
2027,"H1664 - HOME STATE HEALTH PLAN, INC.",https://api.centene.com/medicare/reference/H1664index.json,Machine-readable JSON,7/10/26 15:19
2027,H1671 - IMPERIAL COUNTY LOCAL HEALTH AUTHORITY,https://advantageplus.chpiv.org/Advantage%20Plus%20Brochures/Provider%20Directory/Provider%20Directory%20JSON.zip,Machine-readable JSON,7/13/26 19:19
2027,"H1692 - COVENTRY HEALTH CARE OF WEST VIRGINIA, INC.",https://www.aetna.com/interoperability/2027/H1692/index.json,FHIR JSON,8/7/26 13:11
2027,"H1722 - HEALTHFIRST HEALTH PLAN, INC.",https://hf-provider-directory-fhir.healthfirst.org/cms-mpf/CY2027/H1722/index.json,FHIR JSON,8/30/26 19:24
2027,"H1769 - VNA HOMECARE OPTIONS, LLC",https://providerdirectory.healthlx.com/NASCENTIA/H1769/2027/index.json,FHIR JSON,7/9/26 12:43
2027,H1787 - SANFORD HEALTH PLAN,https://shp-web-public.s3.amazonaws.com/PRD/medicare/h1787/mpf-data-index.json,Machine-readable JSON,7/7/26 10:35
2027,"H1799 - MOLINA HEALTHCARE OF KENTUCKY, INC.",https://www.molinahealthcare.com/cmsjson/378245/MCareFHIR/H1799/index.json,FHIR JSON,7/9/26 18:41
2027,"H1822 - SCAN DESERT HEALTH PLAN, INC.",https://scan-q-002.sitecorecontenthub.cloud/api/public/content/provider_H1822.json,Machine-readable JSON,9/3/26 17:23
2027,"H1823 - HEALTHY MISSISSIPPI, INC.",https://directory.healthy-ms.com/mpf/2027/H1823/index.json,FHIR JSON,7/9/26 16:28
2027,H1846 - MOUNT CARMEL HEALTH INSURANCE COMPANY,https://forms.medigold.com/cms/H1846.json,Machine-readable JSON,8/14/26 10:11
2027,"H1862 - WELLCARE OF IOWA, INC.",https://api.centene.com/medicare/reference/H1862index.json,Machine-readable JSON,7/10/26 15:19
2027,H1889 - CARE IMPROVEMENT PLUS SOUTH CENTRAL INSURANCE CO.,https://cms-mpf.optum-uhc-stage.net/api/cms/plans/H1889/2027,Machine-readable JSON,6/24/26 09:52
2027,"H1914 - WELLCARE HEALTH INSURANCE OF CONNECTICUT, INC.",https://api.centene.com/medicare/reference/H1914index.json,Machine-readable JSON,7/10/26 15:19
2027,"H1947 - COMMUNITY CARE HEALTH PLAN OF LOUISIANA, INC.",https://totalview.healthos.healthybluela.com/cms/H1947/index.json,FHIR JSON,8/11/26 08:38
2027,"H1951 - HUMANA HEALTH BENEFIT PLAN OF LOUISIANA, INC.",https://fhir.humana.com/api,FHIR JSON,6/10/26 11:28
2027,"H1961 - PEOPLES HEALTH, INC.",https://cms-mpf.optum-uhc-stage.net/api/cms/plans/H1961/2027,Machine-readable JSON,6/24/26 09:52
2027,"H1993 - ASTIVA HEALTH, INC.",https://afs.astivahealth.com/fhirjson/MPF-Provider-Directory/H1993/2027/index.json,FHIR JSON,7/10/26 19:54
2027,"H1994 - SELECTHEALTH, INC.",https://ebu.intermountainhealthcare.org/shprovider/indexma.json,Machine-readable JSON,6/3/26 12:59
2027,H1997 - REGENCE BLUESHIELD,https://cms.healthsparq.com/mpf/v1/H1997/2027/H1997-2027-index.json,FHIR JSON,9/4/26 11:14
2027,"H2001 - SIERRA HEALTH AND LIFE INSURANCE COMPANY, INC.",https://cms-mpf.optum-uhc-stage.net/api/cms/plans/H2001/2027,Machine-readable JSON,6/24/26 09:52
2027,H2032 - Baylor Scott & White Insurance Company,https://wadcdnstorageprod.blob.core.windows.net/bswhp/JSON/BSWHP_CMS_MPF_H2032_2026_Index.json,Machine-readable JSON,7/10/26 16:12
2027,"H2034 - COMMUNITY CARE HEALTH PLAN, INC.",https://providerdirectory.healthlx.com/CCI/H2034/2027/index.json,FHIR JSON,8/20/26 13:33
2027,H2035 - ALAMEDA ALLIANCE FOR HEALTH,https://cmsmedicare.blob.core.windows.net/cmsmedicare/Index.json,Machine-readable JSON,6/29/26 19:53
2027,H2041 - DEVOTED HEALTH PLAN OF MISSOURI INC,https://fhir.devoted.com/H2041/2027,FHIR JSON,8/12/26 14:57
2027,H2056 - AETNA BETTER HEALTH OF MICHIGAN INC.,https://www.aetna.com/interoperability/2026/H2056/index.json,FHIR JSON,7/1/26 13:53
2027,"H2108 - BRAVO HEALTH MID-ATLANTIC, INC.",https://mpf.healthspring.com/H2108/index.json,Machine-readable JSON,7/10/26 18:53
2027,H2126 - NEIGHBORHOOD HEALTH PLAN OF RHODE ISLAND,https://files.nhpri.org/MedicarePlanFinder/ProviderDirectory/,FHIR JSON,7/9/26 16:09
2027,H2168 - VILLAGE SENIOR SERVICES CORPORATION,https://fhir-app-portal.villagecare.aidbox.io/mpf-provider-directory/H2168/2027/index.json,FHIR JSON,8/5/26 15:10
2027,H2172 - KAISER FDTN HLTH PLAN OF THE MID-ATLANTIC STATES,https://healthy.kaiserpermanente.org/content/dam/kporg/data/md/mpf-medicare.json,Machine-readable JSON,7/9/26 20:17
2027,"H2174 - TRILLIUM COMMUNITY HEALTH PLAN, INC.",https://api.centene.com/medicare/reference/H2174index.json,Machine-readable JSON,7/10/26 15:20
2027,"H2185 - LIFEWORKS ADVANTAGE, LLC",https://fhirmpf.curanahealth.com/H2185/2027/,FHIR JSON,8/18/26 11:22
2027,"H2224 - SENIOR WHOLE HEALTH, LLC",https://www.molinahealthcare.com/cmsjson/378245/MCareFHIR/H2224/index.json,FHIR JSON,7/9/26 18:42
2027,"H2225 - COMMONWEALTH CARE ALLIANCE, INC.",https://www.caresource.com/rest/cs/data/1.0/provider-directory/ma/dual-sco/2026,Machine-readable JSON,7/10/26 16:32
2027,"H2226 - UnitedHealthcare of New England, Inc.",https://cms-mpf.optum-uhc-stage.net/api/cms/plans/H2226/2027,Machine-readable JSON,6/24/26 09:53
2027,"H2230 - BCBS  OF MASSACHUSETTS HMO BLUE, INC.",https://fhir.sapphirecareselect.com/fhir/mpf/ma/bcbsma/H2230/2027/index.json,FHIR JSON,7/9/26 16:17
2027,"H2235 - BAYCARE SELECT HEALTH PLANS, INC.",https://gateway.1up.health/v1/baycare/r4/public/mpf/H2235-CY2027/index.json,FHIR JSON,7/23/26 12:19
2027,H2237 - INDEPENDENT CARE HEALTH PLAN,https://api-icar-prd.safhir.io/v1/api/provider-directory/cms-hpms-manifest/H2237-007-000,FHIR JSON,7/9/26 15:55
2027,"H2247 - UNITEDHEALTHCARE COMMUNITY PLAN, INC.",https://cms-mpf.optum-uhc-stage.net/api/cms/plans/H2247/2027,Machine-readable JSON,6/24/26 09:53
2027,H2256 - TUFTS ASSOCIATED HEALTH MAINTENANCE ORGANIZATION,https://cms-uat.healthsparq.com/mpf/v1/H2256/2026/H2256-2026-index.json,FHIR JSON,7/6/26 15:46
2027,"H2261 - BCBS  OF MASSACHUSETTS HMO BLUE, INC.",https://fhir.sapphirecareselect.com/fhir/mpf/ma/bcbsma/H2261/2027/index.json,FHIR JSON,7/9/26 16:18
2027,"H2272 - UNITEDHEALTHCARE OF NEW ENGLAND, INC.",https://cms-mpf.optum-uhc-stage.net/api/cms/plans/H2272/2027,Machine-readable JSON,6/24/26 09:54
2027,H2292 - CARE IMPROVEMENT PLUS SOUTH CENTRAL INSURANCE CO.,https://cms-mpf.optum-uhc-stage.net/api/cms/plans/H2292/2027,Machine-readable JSON,6/24/26 09:54
2027,H2293 - SILVERSCRIPT INSURANCE COMPANY,https://www.aetna.com/interoperability/2027/H2293/index.json,FHIR JSON,8/7/26 13:11
2027,H2320 - PRIORITY HEALTH,https://eppoa.spectrumhealth.org/FHIRProxy/api/FHIR/BulkPublish/Public/PlanNet/H2320_2027/MPF,FHIR JSON,8/24/26 09:04
2027,H2322 - ALLIANCE HEALTH AND LIFE INSURANCE COMPANY,https://yr8zbspehmylgikk.public.blob.vercel-storage.com/cms/h2322/h2322_index.json,Machine-readable JSON,8/27/26 08:59
2027,H2354 - HEALTH ALLIANCE PLAN OF MICHIGAN,https://yr8zbspehmylgikk.public.blob.vercel-storage.com/cms/h2354/h2354_index.json,Machine-readable JSON,8/21/26 13:20
2027,H2385 - UNITEDHEALTHCARE INSURANCE COMPANY,https://cms-mpf.optum-uhc-stage.net/api/cms/plans/H2385/2027,Machine-readable JSON,6/24/26 09:54
2027,"H2392 - KANSAS SUPERIOR SELECT, INC.",https://directory.amhealthplans.com/mpfdir/H2392/index.json,Machine-readable JSON,7/27/26 13:32
2027,"H2400 - SIGNATURE ADVANTAGE, LLC",https://abilishealth.com/interoperability-information/,Machine-readable JSON,7/9/26 14:05
2027,H2406 - CARE IMPROVEMENT PLUS SOUTH CENTRAL INSURANCE CO.,https://cms-mpf.optum-uhc-stage.net/api/cms/plans/H2406/2027,Machine-readable JSON,6/24/26 09:55
2027,H2416 - PRIMEWEST RURAL MN HEALTH CARE ACCESS INITIATIVE,https://www.primewest.org/dev-api-resources/provider-directory/H2416/index.json,Machine-readable JSON,7/10/26 14:07
2027,H2417 - ITASCA MEDICAL CARE,https://itascacountymn.gov/DocumentCenter/View/12887/MPF-Index-File,Machine-readable JSON,6/15/26 14:27
2027,H2419 - SOUTH COUNTRY HEALTH ALLIANCE,https://gateway.1up.health/v1/mnscha/r4/public/mpf/H2419-CY2027/index.json,FHIR JSON,7/10/26 10:18
2027,"H2422 - HEALTHPARTNERS, INC.",https://www.healthpartners.com/cms/provider-directory,FHIR JSON,7/10/26 15:22
2027,H2425 - HMO Minnesota,https://fhir-developer.bluecrossmn.com/provider-directory,FHIR JSON,7/9/26 13:10
2027,"H2441 - ANTHEM INSURANCE COMPANIES, INC.",https://totalview.healthos.anthem.com/cms/H2441/index.json,FHIR JSON,8/11/26 08:40
2027,"H2445 - UNITEDHEALTHCARE OF THE MID-ATLANTIC, INC.",https://cms-mpf.optum-uhc-stage.net/api/cms/plans/H2445/2027,Machine-readable JSON,6/24/26 09:56
2027,H2458 - MEDICA HEALTH PLANS,https://cms-uat.healthsparq.com/mpf/v1/H2458/2027/H2458-2027-index.json,Machine-readable JSON,8/28/26 13:50
2027,"H2463 - HUMANA HEALTH PLAN OF TEXAS, INC.",https://fhir.humana.com/api,FHIR JSON,6/10/26 11:30
2027,"H2486 - HUMANA MEDICAL PLAN OF UTAH, INC.",https://fhir.humana.com/api,FHIR JSON,6/10/26 11:30
2027,"H2491 - WELLCARE HEALTH INSURANCE OF ARIZONA, INC.",https://api.centene.com/medicare/reference/H2491index.json,Machine-readable JSON,7/10/26 15:20
2027,"H2509 - UNITEDHEALTHCARE OF FLORIDA, INC.",https://cms-mpf.optum-uhc-stage.net/api/cms/plans/H2509/2027,Machine-readable JSON,6/24/26 09:56
2027,H2526 - DEVOTED HEALTH PLAN OF OHIO INC,https://fhir.devoted.com/H2526/2027,FHIR JSON,8/12/26 14:57
2027,H2561 - HAWAII MEDICAL SERVICE ASSOCIATION (HMSA),https://hmsa.com/search/providers/MAProviderDirectory/H2561_2027_index.json,Machine-readable JSON,8/6/26 15:29
2027,H2563 - SENTARA HEALTH PLANS,https://www.sentarahealthplans.com/en/vendor/machine-readable-data,Machine-readable JSON,7/7/26 16:31
2027,"H2564 - AMERIHEALTH CARITAS LOUISIANA, INC.",https://cms.healthsparq.com/mpf/v1/H2564/2027/H2564-2027-index.json,Machine-readable JSON,8/27/26 16:21
2027,"H2593 - WELLPOINT TEXAS, INC.",https://totalview.healthos.wellpoint.com/cms/H2593/index.json,FHIR JSON,8/11/26 10:05
2027,"H2610 - ESSENCE HEALTHCARE, INC.",https://providerdirectory.healthlx.com/LUMERIS/H2610/2027/index.json,FHIR JSON,8/18/26 16:48
2027,H2624 - CARE N' CARE INSURANCE COMPANY OF NORTH CAROLINA,https://gateway.1up.health/v1/healthteam-advantage/r4/public/mpf/H2624-CY2027/index.json,FHIR JSON,7/10/26 08:41
2027,H2628 - COMMUNITY INSURANCE COMPANY,https://totalview.healthos.anthem.com/cms/H2628/index.json,FHIR JSON,8/11/26 10:06
2027,"H2630 - VERDA HEALTH PLAN OF ARIZONA, INC.",https://www.verdahpaz.com/wp-content/uploads/2026/07/H2630_index.json,Machine-readable JSON,7/23/26 20:15
2027,"H2663 - COVENTRY HEALTH CARE OF MISSOURI, INC.",https://www.aetna.com/interoperability/2027/H2663/index.json,FHIR JSON,8/7/26 13:14
2027,H2686 - DEVOTED HEALTH INSURANCE COMPANY OF HAWAII INC,https://fhir.devoted.com/H2686/2027,FHIR JSON,8/12/26 14:57
2027,"H2694 - ETERNALHEALTH, INC.",https://directory.eternalHealth.com/mpf/H2694/2027/index.json,FHIR JSON,8/11/26 14:03
2027,"H2697 - DEVOTED HEALTH PLAN OF OHIO, INC.",https://fhir.devoted.com/H2697/2027,FHIR JSON,8/12/26 14:57
2027,"H2704 - KAISER FOUNDATION HP, INC.",https://healthy.kaiserpermanente.org/content/dam/kporg/data/hi/mpf-d-snp.json,Machine-readable JSON,7/9/26 19:46
2027,"H2736 - UNITEDHEALTHCARE COMMUNITY PLAN, INC.",https://cms-mpf.optum-uhc-stage.net/api/cms/plans/H2736/2027,Machine-readable JSON,8/5/26 11:09
2027,"H2737 - HEALTH NEW ENGLAND, INC.",https://us120.fhir.m2.edifecsfedcloud.com/hne_cmsreport/H2737/index.json,FHIR JSON,7/10/26 13:02
2027,"H2752 - BRAVO HEALTH PENNSYLVANIA, INC.",https://mpf.healthspring.com/H2752/index.json,Machine-readable JSON,7/10/26 18:53
2027,H2775 - AMERICAN PROGRESSIVE LIFE & HLTH INS COMPANY OF NY,https://api.centene.com/medicare/reference/H2775index.json,Machine-readable JSON,7/10/26 15:20
2027,"H2802 - UNITEDHEALTHCARE OF THE MIDLANDS, INC.",https://cms-mpf.optum-uhc-stage.net/api/cms/plans/H2802/2027,Machine-readable JSON,6/24/26 09:57
2027,H2819 - CALIFORNIA PHYSICIANS' SERVICE,https://cloud-api.blueshieldca.com/fhir-cms-client/api/cms-export/H2819/2027,FHIR JSON,8/24/26 18:06
2027,"H2836 - ANTHEM HEALTH PLANS, INC.",https://totalview.healthos.anthem.com/cms/H2836/index.json,FHIR JSON,8/11/26 10:07
2027,H2845 - DEVOTED HEALTH INSURANCE COMPANY OF OKLAHOMA,https://fhir.devoted.com/H2845/2027,FHIR JSON,8/12/26 14:57
2027,"H2851 - NATIVE ADVANTAGE, INC.",https://fhir.nativeadvantage.com/data/index.json,FHIR JSON,7/7/26 10:27
2027,H2875 - HUMANA WI HEALTH ORGANIZATION INSURANCE CORP,https://fhir.humana.com/api,FHIR JSON,6/10/26 11:31
2027,"H2915 - PENNSYLVANIA HEALTH & WELLNESS, INC.",https://api.centene.com/medicare/reference/H2915index.json,Machine-readable JSON,7/10/26 15:21
2027,H2923 - DEVOTED HEALTH PLAN OF OREGON INC,https://fhir.devoted.com/H2923/2027,FHIR JSON,8/12/26 14:57
2027,H2926 - PRIMEWEST RURAL MN HEALTH CARE ACCESS INITIATIVE,https://www.primewest.org/dev-api-resources/provider-directory/H2926/index.json,Machine-readable JSON,7/10/26 14:08
2027,H2942 - COX HEALTH SYSTEMS HMO INC,https://gateway.1up.health/v1/cox/r4/publicProdMa/mpf/H2942-CY2027/index.json,FHIR JSON,7/9/26 17:28
2027,H2960 - KAISER FOUNDATION HEALTH PLAN OF NEVADA,https://renown-provider-fhir-api-v1-p2pznb.scqos5-1.usa-w1.cloudhub.io/api/providers/fhir-search,FHIR JSON,8/26/26 17:39
2027,"H2962 - ULTIMATE HEALTH PLANS, INC.",https://stgeusconnectprdsa002.blob.core.windows.net/uhp-providerdirectory-2026/index.json,FHIR JSON,7/8/26 15:34
2027,"H3012 - ST. LUKE'S HEALTH PLAN, INC.",https://medicare.stlukeshealthplan.org/files,Machine-readable JSON,7/7/26 13:59
2027,H3038 - MOLINA HEALTHCARE OF CALIFORNIA,https://www.molinahealthcare.com/cmsjson/378245/MCareFHIR/H3038/index.json,FHIR JSON,7/9/26 15:35
2027,H3041 - DEVOTED HEALTH PLAN OF SOUTH CAROLINA INC,https://fhir.devoted.com/H3041/2027,FHIR JSON,8/12/26 14:58
2027,H3048 - SECUR INC,https://stgeusconnectprdsa001.blob.core.windows.net/secur-provider-directory-2026/index.json,FHIR JSON,7/1/26 09:44
2027,H3080 - DEVOTED HEALTH PLAN OF ALABAMA INC,https://fhir.devoted.com/H3080/2027,FHIR JSON,8/12/26 14:58
2027,"H3093 - MOLINA HEALTHCARE OF ILLINOIS, INC.",https://www.molinahealthcare.com/cmsjson/378245/MCareFHIR/H3093/index.json,FHIR JSON,7/9/26 15:39
2027,"H3113 - OXFORD HEALTH PLANS (NJ), INC.",https://cms-mpf.optum-uhc-stage.net/api/cms/plans/H3113/2027,Machine-readable JSON,6/24/26 09:57
2027,H3124 - PARTNERS INSURANCE COMPANY OF NEW JERSEY INC,https://medicare-advantage-plan-finder-provider-directory.jeffersonhealthplans.com/h3124/2027/index.json,FHIR JSON,7/7/26 11:40
2027,"H3127 - UPPER PENINSULA HEALTH PLAN, LLC",https://gateway.1up.health/v1/uphp/r4/public-dsnp/mpf/H3127-CY2027/index.json,FHIR JSON,7/9/26 09:14
2027,H3146 - AETNA BETTER HEALTH INC. (GA),https://www.aetna.com/interoperability/2027/H3146/index.json,FHIR JSON,8/7/26 13:14
2027,H3152 - AETNA HEALTH INC. (NJ),https://www.aetna.com/interoperability/2027/H3152/index.json,FHIR JSON,8/7/26 13:14
2027,"H3170 - SAPPHIRE EDGE, INC.",https://cms.healthsparq.com/mpf/v1/H3170/2027/H3170-2027-index.json,FHIR JSON,8/21/26 12:06
2027,H3186 - SANFORD HEALTH PLAN OF MINNESOTA,https://shp-web-public.s3.amazonaws.com/PRD/medicare/h3186/mpf-data-index.json,Machine-readable JSON,7/7/26 10:36
2027,H3192 - AETNA HEALTH OF MICHIGAN INC.,https://www.aetna.com/interoperability/2027/H3192/index.json,FHIR JSON,8/7/26 13:15
2027,H3204 - PRESBYTERIAN HEALTH PLAN,https://onbaseext.phs.org/PEL/DisplayDocument?ContentID=OB_000000053249,Machine-readable JSON,8/7/26 12:32
2027,H3219 - ALLINA HEALTH AND AETNA INSURANCE COMPANY,https://www.aetna.com/interoperability/2027/H3219/index.json,FHIR JSON,8/7/26 13:15
2027,"H3239 - AETNA BETTER HEALTH, INC. (LA)",https://www.aetna.com/interoperability/2027/H3239/index.json,FHIR JSON,8/7/26 13:15
2027,"H3240 - WELLPOINT NEW JERSEY, INC.",https://totalview.healthos.wellpoint.com/cms/H3240/index.json,FHIR JSON,8/11/26 10:08
2027,H3256 - CARE IMPROVEMENT PLUS SOUTH CENTRAL INSURANCE CO.,https://cms-mpf.optum-uhc-stage.net/api/cms/plans/H3256/2027,Machine-readable JSON,6/24/26 09:58
2027,H3259 - VOLUNTEER STATE HEALTH PLAN,https://provider.bcbst.com/cms_assets/fhir/h3259_index.json,Machine-readable JSON,7/10/26 16:18
2027,H3274 - ALIGN SENIOR CARE CALIFORNIA INC.,https://fhirmpf.curanahealth.com/H3274/2027/,FHIR JSON,8/18/26 11:22
2027,H3288 - AETNA HEALTH AND LIFE INSURANCE COMPANY,https://www.aetna.com/interoperability/2027/H3288/index.json,FHIR JSON,8/7/26 13:15
2027,"H3291 - PRUITTHEALTH PREMIER, INC.",https://fhirmpf.curanahealth.com/H3291/2027/,FHIR JSON,8/18/26 11:22
2027,"H3305 - MVP HEALTH PLAN, INC.",https://cms-uat.healthsparq.com/mpf/v1/H3305/2026/H3305-2026-index.json,FHIR JSON,7/8/26 11:21
2027,H3312 - AETNA HEALTH INC. (NY),https://www.aetna.com/interoperability/2027/H3312/index.json,FHIR JSON,8/7/26 13:16
2027,H3330 - HEALTH INSURANCE PLAN OF GREATER NEW YORK,https://transparency.emblemhealth.com/MedicareProviderDirectory/GetFile?FileName=index.json&PlanType=H3330&FileType=Current,FHIR JSON,8/31/26 14:08
2027,H3344 - INDEPENDENT HEALTH BENEFITS CORPORATION,https://cms.healthsparq.com/mpf/v1/H3344/2027/H3344-2027-index.json,FHIR JSON,9/8/26 14:48
2027,"H3347 - ELDERPLAN, INC.",https://elderplan.providerlenz.com/,Machine-readable JSON,6/26/26 13:47
2027,"H3351 - EXCELLUS HEALTH PLAN, INC.",https://cms-uat.healthsparq.com/mpf/v1/H3351/2027/H3351-2027-index.json,FHIR JSON,7/10/26 13:20
2027,"H3359 - HEALTHFIRST HEALTH PLAN, INC.",https://hf-provider-directory-fhir.healthfirst.org/cms-mpf/CY2027/H3359/index.json,FHIR JSON,8/30/26 19:24
2027,"H3362 - INDEPENDENT HEALTH ASSOCIATION, INC.",https://cms.healthsparq.com/mpf/v1/H3362/2027/H3362-2027-index.json,FHIR JSON,9/8/26 14:48
2027,"H3379 - UNITEDHEALTHCARE OF NEW YORK, INC.",https://cms-mpf.optum-uhc-stage.net/api/cms/plans/H3379/2027,Machine-readable JSON,6/24/26 09:58
2027,H3384 - Highmark Western and Northeastern New York Inc.,https://mrfdata.hmhs.com/files/smilecdr/inbound/HMNY_Provider_Directory_Index.json,FHIR JSON,8/27/26 14:35
2027,"H3387 - UNITEDHEALTHCARE OF NEW YORK, INC.",https://cms-mpf.optum-uhc-stage.net/api/cms/plans/H3387/2027,Machine-readable JSON,6/24/26 09:59
2027,"H3388 - CAPITAL DISTRICT PHYSICIANS' HEALTH PLAN, INC.",https://cms-uat.healthsparq.com/mpf/v1/H3388/2027/H3388-2027-index.json,FHIR JSON,8/5/26 07:52
2027,H3404 - BLUE CROSS AND BLUE SHIELD OF NORTH CAROLINA,https://fhir.sapphirecareselect.com/fhir/mpf/ma/bcbsnc/H3404/2027/index.json,FHIR JSON,7/8/26 08:31
2027,"H3407 - EL PASO FIRST HEALTH PLANS, INC.",https://mpf.elpasohealth.com/index.json,FHIR JSON,7/1/26 12:47
2027,H3418 - CARE IMPROVEMENT PLUS SOUTH CENTRAL INSURANCE CO.,https://cms-mpf.optum-uhc-stage.net/api/cms/plans/H3418/2027,Machine-readable JSON,6/24/26 09:59
2027,"H3419 - PERENNIAL ADVANTAGE OF COLORADO, INC.",https://fhirmpf.curanahealth.com/H3419/2027/,FHIR JSON,8/18/26 11:22
2027,"H3443 - ALIGNMENT HEALTH PLAN OF ARIZONA, INC.",https://mpf.alignmenthealth.com/mpf-provider-directory/H3443-cms-data-index.json,Machine-readable JSON,6/4/26 15:49
2027,"H3447 - HEALTHKEEPERS, INC.",https://totalview.healthos.anthem.com/cms/H3447/index.json,FHIR JSON,8/11/26 10:08
2027,H3449 - BLUE CROSS AND BLUE SHIELD OF NORTH CAROLINA,https://fhir.sapphirecareselect.com/fhir/mpf/ma/bcbsnc/H3449/2027/index.json,FHIR JSON,7/8/26 08:31
2027,"H3467 - PROCARE ADVANTAGE, LLC",https://fhirmpf.curanahealth.com/H3467/2027/,FHIR JSON,8/18/26 11:23
2027,H3499 - COORDINATED CARE CORPORATION,https://api.centene.com/medicare/reference/H3499index.json,Machine-readable JSON,7/10/26 15:21
2027,"H3515 - DEVOTED HEALTH PLAN OF WASHINGTON, INC.",https://fhir.devoted.com/H3515/2027,FHIR JSON,6/10/26 11:41
2027,"H3529 - ANTHEM INSURANCE COMPANIES, INC.",https://totalview.healthos.anthem.com/cms/H3529/index.json,FHIR JSON,8/17/26 12:35
2027,"H3533 - HUMANA HEALTH COMPANY OF NEW YORK, INC.",https://fhir.humana.com/api,FHIR JSON,6/10/26 11:31
2027,H3551 - ETERNALHEALTH OF ARIZONA INC,https://directory.eternalHealth.com/mpf/H3551/2027/index.json,FHIR JSON,7/11/26 00:12
2027,"H3561 - HEALTH NET COMMUNITY SOLUTIONS, INC.",https://api.centene.com/medicare/reference/H3561index.json,Machine-readable JSON,7/10/26 15:21
2027,H3597 - AETNA HEALTH INC. (ME),https://www.aetna.com/interoperability/2027/H3597/index.json,FHIR JSON,8/7/26 13:16
2027,H3642 - HUMANADENTAL INSURANCE COMPANY,,,
2027,H3655 - COMMUNITY INSURANCE COMPANY,https://totalview.healthos.anthem.com/cms/H3655/index.json,FHIR JSON,8/11/26 10:08
2027,H3660 - SUMMACARE INC.,https://files.myplancentral.com/MA/H3660_Index.json,Machine-readable JSON,7/9/26 12:46
2027,H3664 - AULTCARE HEALTH INSURING CORPORATION,https://s3.us-east-1.amazonaws.com/cms.providerimport/index.json,FHIR JSON,8/5/26 09:57
2027,"H3668 - MOUNT CARMEL HEALTH PLAN, INC.",https://forms.medigold.com/cms/H3668.json,Machine-readable JSON,8/25/26 10:02
2027,"H3672 - THE HEALTH PLAN OF WEST VIRGINIA, INC.",https://gateway.1up.health/v1/thp/r4/public/mpf/H3672-CY2027/index.json,FHIR JSON,7/8/26 12:53
2027,"H3706 - GLOBALHEALTH, INC.",https://gateway.1up.health/v1/global/r4/public/mpf/H3706-CY2027/index.json,FHIR JSON,7/9/26 17:36
2027,"H3708 - OKLAHOMA SUPERIOR SELECT, INC.",https://directory.amhealthplans.com/mpfdir/H3708/index.json,Machine-readable JSON,8/7/26 14:38
2027,H3727 - OH CHS SNP INC.,https://cca.pdjson-h3727.prd.healixcloud.net/index.json,Machine-readable JSON,7/10/26 10:17
2027,"H3748 - AETNA BETTER HEALTH OF WASHINGTON, INC.",https://www.aetna.com/interoperability/2027/H3748/index.json,FHIR JSON,8/7/26 13:17
2027,"H3755 - COMMUNITYCARE GOVERNMENT PROGRAMS, INC.",https://gateway.1up.health/v1/ccok/r4/public-prod-ma/mpf/H377-CY2027/index.json,FHIR JSON,7/9/26 14:06
2027,"H3767 - HUMANA HEALTH PLAN OF CALIFORNIA, INC.",,,
2027,"H3794 - UNITEDHEALTHCARE OF WISCONSIN, INC.",https://cms-mpf.optum-uhc-stage.net/api/cms/plans/H3794/2027,Machine-readable JSON,6/24/26 10:07
2027,H3800 - PROVIDER PARTNERS HEALTH PLAN OF ILLINOIS,https://www.pphealthplan.com/directory-search/JSON/H3800/2027,Machine-readable JSON,8/28/26 13:03
2027,"H3805 - UnitedHealthcare Benefits of Texas, Inc.",https://cms-mpf.optum-uhc-stage.net/api/cms/plans/H3805/2027,Machine-readable JSON,6/24/26 10:13
2027,"H3810 - ALLCARE HEALTH PLAN, INC.",https://www.allcarehealth.com/provdir/index.json,FHIR JSON,7/23/26 18:58
2027,"H3811 - SAMARITAN HEALTH PLANS, INC.",https://cdn.mpulse.com/fhir/H3811/2027/index.json,FHIR JSON,7/9/26 16:45
2027,H3814 - ATRIO HEALTH PLANS,https://animas-static.azureedge.net/mpf/ATRIO/2026/H3814/index.json,Machine-readable JSON,7/10/26 17:52
2027,H3815 - ALIGNMENT HEALTH PLAN,https://mpf.alignmenthealth.com/mpf-provider-directory/H3815-cms-data-index.json,Machine-readable JSON,6/8/26 16:26
2027,H3817 - REGENCE BLUECROSS BLUESHIELD OF OREGON,https://cms.healthsparq.com/mpf/v1/H3817/2027/H3817-2027-index.json,FHIR JSON,9/4/26 11:15
2027,H3822 - HEALTH CARE SERVICE CORPORATION,https://mpf.hcsc.com/h3822/index.json,Machine-readable JSON,7/31/26 09:14
2027,H3832 - HAWAII MEDICAL SERVICE ASSOCIATION,https://hmsa.com/search/providers/MAProviderDirectory/H3832_2027_index.json,Machine-readable JSON,8/6/26 15:30
2027,H3864 - PACIFICSOURCE COMMUNITY HEALTH PLANS,https://enroll.pacificsource.com/MRFMCR/cms-data-index.json,Machine-readable JSON,7/10/26 11:43
2027,"H3868 - UNITEDHEALTHCARE COMMUNITY PLAN OF TEXAS, L.L.C.",https://cms-mpf.optum-uhc-stage.net/api/cms/plans/H3868/2027,Machine-readable JSON,6/24/26 10:13
2027,H3879 - SCAN HEALTH PLAN (OR),https://scan-q-002.sitecorecontenthub.cloud/api/public/content/provider_H3879.json,Machine-readable JSON,9/3/26 17:33
2027,"H3890 - HOPKINS HEALTH ADVANTAGE, INC.",https://gateway.1up.health/v1/jhhp/r4/public-ma/mpf/H3890-CY2027/index.json,Machine-readable JSON,7/10/26 17:11
2027,"H3907 - UPMC HEALTH PLAN, INC.",https://content.upmchealthplan.com/fhir/MPF/H3907-CY2027/index.json,Machine-readable JSON,7/24/26 13:27
2027,H3909 - QCC INSURANCE COMPANY,https://eapics.qa.ibx.com/api/mpf/IBC/2027/H3909/index.json,FHIR JSON,8/27/26 16:24
2027,H3916 - HIGHMARK SENIOR HEALTH COMPANY,https://mrfdata.hmhs.com/files/smilecdr/inbound/HM_Provider_Directory_Index.json,FHIR JSON,8/27/26 15:39
2027,H3923 - CAPITAL ADVANTAGE INSURANCE COMPANY,https://gateway.1up.health/v1/capital-blue-cross/r4/public-ma/mpf/H3923-CY2027/index.json,FHIR JSON,8/31/26 06:28
2027,H3924 - GEISINGER INDEMNITY INSURANCE COMPANY,https://cms.healthsparq.com/mpf/v1/H3924/2027/H3924-2027-index.json,FHIR JSON,8/13/26 08:35
2027,H3928 - AETNA HEALTH INC. (LA),https://www.aetna.com/interoperability/2027/H3928/index.json,FHIR JSON,8/7/26 13:17
2027,H3931 - AETNA HEALTH INC. (PA),https://www.aetna.com/interoperability/2027/H3931/index.json,FHIR JSON,8/7/26 13:17
2027,"H3949 - BRAVO HEALTH PENNSYLVANIA, INC.",https://mpf.healthspring.com/H3949/index.json,Machine-readable JSON,7/10/26 18:53
2027,"H3952 - KEYSTONE HEALTH PLAN EAST, INC.",https://eapics.qa.ibx.com/api/mpf/IBC/2027/H3952/index.json,FHIR JSON,8/27/26 16:24
2027,H3954 - GEISINGER HEALTH PLAN,https://cms.healthsparq.com/mpf/v1/H3954/2027/H3954-2027-index.json,FHIR JSON,8/13/26 08:36
2027,H3957 - HIGHMARK CHOICE COMPANY,https://mrfdata.hmhs.com/files/smilecdr/inbound/HM_Provider_Directory_Index.json,FHIR JSON,8/27/26 15:39
2027,H3959 - AETNA HEALTH INC. (PA),https://www.aetna.com/interoperability/2027/H3959/index.json,FHIR JSON,8/7/26 13:17
2027,"H3962 - KEYSTONE HEALTH PLAN CENTRAL, INC.",https://gateway.1up.health/v1/capital-blue-cross/r4/public-ma/mpf/H3962-CY2027/index.json,FHIR JSON,8/31/26 06:28
2027,"H3975 - WELLCARE HEALTH INSURANCE COMPANY OF KENTUCKY, INC",https://api.centene.com/medicare/reference/H3975index.json,Machine-readable JSON,7/10/26 15:22
2027,"H4003 - MMM HEALTHCARE, LLC",https://gateway.1up.health/v1/mmm/r4/public-ma/mpf/H4003-CY2027/index.json,FHIR JSON,7/10/26 08:57
2027,"H4004 - MMM HEALTHCARE, LLC",https://gateway.1up.health/v1/mmm/r4/public-ma/mpf/H4004-CY2027/index.json,FHIR JSON,7/10/26 08:57
2027,"H4005 - TRIPLE S ADVANTAGE, INC.",https://devtshcontenportalblob.blob.core.windows.net/mpf-files/index_H4005_2026.json,Machine-readable JSON,5/22/26 11:18
2027,H4026 - SCAN HEALTH PLAN (WA),https://scan-q-002.sitecorecontenthub.cloud/api/public/content/provider_H4026.json,Machine-readable JSON,9/3/26 17:24
2027,H4030 - DEVOTED HEALTH INSURANCE COMPANY OF MISSOURI,https://fhir.devoted.com/H4030/2027,FHIR JSON,6/11/26 09:41
2027,"H4032 - UNITEDHEALTHCARE OF THE ROCKIES, INC.",https://cms-mpf.optum-uhc-stage.net/api/cms/plans/H4032/2027,Machine-readable JSON,6/24/26 10:14
2027,"H4036 - ANTHEM INSURANCE COMPANIES, INC.",https://totalview.healthos.anthem.com/cms/H4036/index.json,FHIR JSON,8/11/26 10:09
2027,H4045 - SANTA CLARA COUNTY HEALTH AUTHORITY,https://apps1.scfhp.com/providersearch/api/providers/download?ContractID=H4045&ContractYear=2027,Machine-readable JSON,8/25/26 19:01
2027,"H4054 - PROVIDER PARTNERS HEALTH PLAN OF TEXAS, INC.",https://www.pphealthplan.com/directory-search/JSON/H4054/2027,Machine-readable JSON,8/28/26 13:04
2027,H4057 - KERN HEALTH SYSTEMS,https://h4057.khs-net.com/provider-directory/h4057/2026/index.json,Machine-readable JSON,8/25/26 18:45
2027,"H4073 - WELLCARE HEALTH INSURANCE OF NORTH CAROLINA, INC.",https://api.centene.com/medicare/reference/H4073index.json,Machine-readable JSON,7/10/26 15:22
2027,"H4086 - HEALTHY ARKANSAS, INC.",https://directory.healthy-ar.com/mpf/2027/H4086/index.json,FHIR JSON,7/9/26 16:29
2027,"H4091 - SIMPRA ADVANTAGE, INC.",https://providerdirectory.healthlx.com/SIMPRA/H4091/2027/index.json,FHIR JSON,8/11/26 15:36
2027,"H4093 - PROVIDER PARTNERS HEALTH PLAN OF PENNSYLVANIA, INC",https://www.pphealthplan.com/directory-search/JSON/H4093/2027,Machine-readable JSON,8/28/26 13:04
2027,H4127 - ALIGN SENIOR CARE IOWA INSURANCE COMPANY,https://fhirmpf.curanahealth.com/H4127/2027/,FHIR JSON,7/8/26 23:48
2027,"H4140 - DOCTORS HEALTHCARE PLANS, INC.",https://us120.fhir.m2.edifecsfedcloud.com/dhcp_cmsreport/H4140/index.json,FHIR JSON,7/8/26 14:42
2027,"H4141 - HUMANA EMPLOYERS HEALTH PLAN OF GEORGIA, INC.",https://fhir.humana.com/api,FHIR JSON,6/10/26 11:32
2027,H4152 - BLUE CROSS & BLUE SHIELD OF RHODE ISLAND,https://cmsmpf.goperspecta.com/H4152/2027/index.json,FHIR JSON,7/15/26 16:58
2027,"H4158 - BUCKEYE COMMUNITY HEALTH PLAN, INC.",https://api.centene.com/medicare/reference/H4158index.json,Machine-readable JSON,7/10/26 15:23
2027,"H4161 - BLUE CROSS OF CALIFORNIA PARTNERSHIP PLAN, INC.",https://totalview.healthos.anthem.com/cms/H4161/index.json,FHIR JSON,8/11/26 10:09
2027,"H4172 - NHC ADVANTAGE, LLC",https://fhirmpf.curanahealth.com/H4172/2027/,FHIR JSON,8/18/26 11:23
2027,H4193 - HAP CARESOURCE,https://www.caresource.com/rest/cs/data/1.0/provider-directory/mi/dual/2026,Machine-readable JSON,7/10/26 16:32
2027,H4213 - USABLE MUTUAL INSURANCE COMPANY,https://cms.healthsparq.com/mpf/v1/H4213/2027/H4213-2027-index.json,FHIR JSON,9/4/26 10:33
2027,"H4227 - VISTA HEALTH PLAN, INC.",https://cms.healthsparq.com/mpf/v1/H4227/2027/H4227-2027-index.json,Machine-readable JSON,8/27/26 16:23
2027,"H4232 - AMERICAN HEALTH PLAN OF UT, INC.",https://directory.amhealthplans.com/mpfdir/H4232/index.json,Machine-readable JSON,8/7/26 14:39
2027,"H4279 - UPMC FOR YOU, INC",https://content.upmchealthplan.com/fhir/MPF/H4279-CY2027/index.json,Machine-readable JSON,7/24/26 13:28
2027,"H4286 - LEON HEALTH, INC.",https://providerdirectory.healthlx.com/LEONHEALTH/H4286/2027/index.json,FHIR JSON,9/9/26 11:27
2027,"H4329 - HUMANA BENEFIT PLAN OF ILLINOIS, INC.",https://fhir.humana.com/api,FHIR JSON,6/10/26 11:32
2027,"H4346 - HMO COLORADO, INC.",https://totalview.healthos.anthem.com/cms/H4346/index.json,FHIR JSON,8/11/26 10:10
2027,H4348 - DEVOTED HEALTH INSURANCE COMPANY OF KANSAS,https://fhir.devoted.com/H4348/2027,FHIR JSON,8/12/26 14:58
2027,"H4367 - MOLINA HEALTHCARE OF IOWA, INC.",https://www.molinahealthcare.com/cmsjson/378245/MCareFHIR/H4367/index.json,FHIR JSON,7/9/26 18:42
2027,"H4371 - SENIOR WHOLE HEALTH, LLC",https://www.molinahealthcare.com/cmsjson/378245/MCareFHIR/H4371/index.json,FHIR JSON,7/9/26 18:43
2027,"H4407 - HEALTHSPRING LIFE & HEALTH INSURANCE COMPANY, INC.",https://mpf.healthspring.com/H4407/index.json,Machine-readable JSON,7/10/26 18:54
2027,H4439 - PROVIDER PARTNERS HEALTH PLAN OF NORTH CAROLINA,https://www.pphealthplan.com/directory-search/JSON/H4439/2027,Machine-readable JSON,8/28/26 13:04
2027,H4444 - PROVIDER PARTNERS HEALTH PLAN OF INDIANA,https://www.pphealthplan.com/directory-search/JSON/H4444/2027,Machine-readable JSON,8/28/26 13:04
2027,H4461 - CARITEN HEALTH PLAN INC.,https://fhir.humana.com/api,FHIR JSON,6/10/26 11:33
2027,"H4471 - BLUE CROSS OF CALIFORNIA PARTNERSHIP PLAN, INC.",https://totalview.healthos.anthem.com/cms/H4471/index.json,FHIR JSON,8/11/26 10:10
2027,"H4473 - DEVOTED HEALTH INSURANCE COMPANY OF UTAH, INC.",https://fhir.devoted.com/H4473/2027,FHIR JSON,8/12/26 14:58
2027,"H4490 - AMERICAN HEALTH PLAN OF MISSOURI, INC.",https://directory.amhealthplans.com/mpfdir/H4490/index.json,Machine-readable JSON,8/7/26 14:39
2027,H4497 - MEDICAL MUTUAL OF OHIO,https://cms-uat.healthsparq.com/mpf/v1/H4497/2027/H4497-2027-index.json,FHIR JSON,9/3/26 12:41
2027,H4499 - SENTARA HEALTH PLANS,https://www.sentarahealthplans.com/en/vendor/machine-readable-data,Machine-readable JSON,7/7/26 16:31
2027,"H4506 - SELECTCARE OF TEXAS, INC.",https://api.centene.com/medicare/reference/H4506index.json,Machine-readable JSON,7/10/26 15:23
2027,"H4513 - HEALTHSPRING LIFE & HEALTH INSURANCE COMPANY, INC.",https://mpf.healthspring.com/H4513/index.json,Machine-readable JSON,7/10/26 18:54
2027,"H4514 - UNITEDHEALTHCARE COMMUNITY PLAN OF TEXAS, L.L.C.",https://cms-mpf.optum-uhc-stage.net/api/cms/plans/H4514/2027,Machine-readable JSON,6/24/26 10:14
2027,H4523 - AETNA HEALTH INC. (TX),https://www.aetna.com/interoperability/2027/H4523/index.json,FHIR JSON,8/7/26 13:18
2027,"H4527 - PHYSICIANS HEALTH CHOICE OF TEXAS, LLC",https://cms-mpf.optum-uhc-stage.net/api/cms/plans/H4527/2027,Machine-readable JSON,6/24/26 10:15
2027,"H4604 - UNITEDHEALTHCARE OF THE ROCKIES, INC.",https://cms-mpf.optum-uhc-stage.net/api/cms/plans/H4604/2027,Machine-readable JSON,6/24/26 10:21
2027,H4605 - REGENCE BLUECROSS BLUESHIELD OF UTAH,https://cms.healthsparq.com/mpf/v1/H4605/2027/H4605-2027-index.json,FHIR JSON,9/4/26 11:15
2027,"H4610 - UNITEDHEALTHCARE OF NEW ENGLAND, INC.",https://cms-mpf.optum-uhc-stage.net/api/cms/plans/H4610/2027,Machine-readable JSON,6/24/26 10:21
2027,"H4623 - HUMANA REGIONAL HEALTH PLAN, INC.",https://fhir.humana.com/api,FHIR JSON,6/10/26 11:34
2027,"H4624 - ZING HEALTH OF MICHIGAN, INC.",https://gateway.1up.health/v1/zing/r4/public/mpf/H4624-CY2027/index.json,FHIR JSON,8/30/26 13:52
2027,"H4647 - NEW CENTURY HEALTH PLAN, INC.",https://cms-compliance.tst-phynd.com/ucla-health/index.json,Machine-readable JSON,9/3/26 13:28
2027,H4661 - CELTIC INSURANCE COMPANY,https://api.centene.com/medicare/reference/H4661index.json,Machine-readable JSON,7/10/26 15:24
2027,"H4676 - TROY HEALTH, INC.",https://providers.troymedicare.com/index.json,Machine-readable JSON,8/20/26 11:23
2027,"H4694 - HEALTHKEEPERS, INC.",https://totalview.healthos.anthem.com/cms/H4694/index.json,FHIR JSON,8/11/26 10:11
2027,"H4711 - COVENTRY HEALTH CARE OF NEBRASKA, INC.",https://www.aetna.com/interoperability/2027/H4711/index.json,FHIR JSON,8/7/26 13:19
2027,H4733 - COMMUNITY HEALTH GROUP,https://cmsproviderdirectory.chgsd.com/H4733/2026/index.json,FHIR JSON,9/9/26 14:09
2027,"H4739 - SELECT HEALTH OF SOUTH CAROLINA, INC.",https://cms.healthsparq.com/mpf/v1/H4739/2027/H4739-2027-index.json,Machine-readable JSON,8/27/26 16:24
2027,H4808 - DEVOTED HEALTH INSURANCE COMPANY OF COLORADO INC,https://fhir.devoted.com/H4808/2027,FHIR JSON,8/12/26 14:58
2027,H4835 - AETNA BETTER HEALTH OF OKLAHOMA INC.,https://www.aetna.com/interoperability/2027/H4835/index.json,FHIR JSON,8/7/26 13:19
2027,"H4847 - WELLCARE OF SOUTH CAROLINA, INC.",https://api.centene.com/medicare/reference/H4847index.json,Machine-readable JSON,7/10/26 15:25
2027,H4869 - GOLD KIDNEY OF ARIZONA,https://stgeusconprdgksa001.blob.core.windows.net/gk-providerdirectory-2026/index.json,FHIR JSON,7/9/26 09:50
2027,H4875 - PRIORITY HEALTH,https://eppoa.spectrumhealth.org/FHIRProxy/api/FHIR/BulkPublish/Public/H4875_2027/MPF,FHIR JSON,8/24/26 09:05
2027,"H4882 - HEALTHPARTNERS, INC.",https://www.healthpartners.com/cms/provider-directory,FHIR JSON,7/10/26 15:22
2027,"H4909 - ANTHEM INSURANCE COMPANIES, INC.",https://totalview.healthos.anthem.com/cms/H4909/index.json,FHIR JSON,8/11/26 10:12
2027,H4931 - BANNER - UNIVERSITY CARE ADVANTAGE,https://bannerhealthnetwork.com/CMS_Provider_Directory/H4931/2027/index.json,Machine-readable JSON,8/21/26 01:52
2027,"H4939 - ARCADIAN HEALTH PLAN, INC.",https://fhir.humana.com/api,FHIR JSON,6/10/26 11:34
2027,H4961 - ALIGNMENT HEALTH PLAN,https://mpf.alignmenthealth.com/mpf-provider-directory/H4961-cms-data-index.json,Machine-readable JSON,6/8/26 16:26
2027,H4982 - AETNA BETTER HEALTH OF CALIFORNIA INC.,https://www.aetna.com/interoperability/2027/H4982/index.json,FHIR JSON,8/7/26 13:20
2027,H5008 - CARE IMPROVEMENT PLUS SOUTH CENTRAL INSURANCE CO.,https://cms-mpf.optum-uhc-stage.net/api/cms/plans/H5008/2027,Machine-readable JSON,6/24/26 10:21
2027,H5009 - REGENCE BLUESHIELD,https://cms.healthsparq.com/mpf/v1/H5009/2027/H5009-2027-index.json,FHIR JSON,9/4/26 11:16
2027,"H5015 - TEXAS INDEPENDENCE HEALTH PLAN, INC.",https://api-tihp-prd.safhir.io/v1/api/provider-directory/cms-hpms-manifest/H5015-001-001,FHIR JSON,7/8/26 10:32
2027,H5050 - KAISER FOUNDATION HEALTH PLAN OF WASHINGTON,https://healthy.kaiserpermanente.org/content/dam/kporg/data/wa/mpf-medicare.json,Machine-readable JSON,7/9/26 19:45
2027,"H5087 - WELLCARE OF CALIFORNIA, INC.",https://api.centene.com/medicare/reference/H5087index.json,Machine-readable JSON,7/10/26 15:25
2027,H5106 - HIGHMARK SENIOR SOLUTIONS COMPANY,https://mrfdata.hmhs.com/files/smilecdr/inbound/HMWV_Provider_Directory_Index.json,FHIR JSON,8/27/26 15:39
2027,H5119 - CONTRA COSTA COUNTY MEDICAL SERVICE DBA CONTRA COSTA HEALTH PLAN,https://cdn.mpulse.com/fhir/H5119/2027/index.json,FHIR JSON,7/10/26 17:14
2027,H5141 - CLOVER INSURANCE COMPANY,https://www.cloverhealth.com/members/find-provider,FHIR JSON,7/9/26 14:31
2027,H5163 - VERDA HEALTH PLAN OF TEXAS INC,https://www.verdahptx.com/wp-content/uploads/2026/07/H5163_index_updated.json,Machine-readable JSON,7/24/26 12:31
2027,H5177 - DEVOTED HEALTH INSURANCE COMPANY OF MICHIGAN,https://fhir.devoted.com/H5177/2027,FHIR JSON,6/11/26 09:41
2027,"H5178 - HUMANA HEALTH PLAN, INC.",https://fhir.humana.com/api,FHIR JSON,6/10/26 11:34
2027,"H5209 - Molina Healthcare of Wisconsin, Inc.",https://www.molinahealthcare.com/cmsjson/378245/MCareFHIR/H5209/index.json,FHIR JSON,7/9/26 18:43
2027,"H5211 - SECURITY HEALTH PLAN OF WISCONSIN, INC.",https://shp-web-public.s3.amazonaws.com/PRD/medicare/h5211/mpf-data-index.json,Machine-readable JSON,7/7/26 10:36
2027,H5215 - NETWORK HEALTH INSURANCE CORPORATION,https://data.networkhealth.com/plan-finder-mrf/h5215.json,Machine-readable JSON,8/26/26 11:13
2027,H5216 - HUMANA INSURANCE COMPANY,https://fhir.humana.com/api,FHIR JSON,6/10/26 11:35
2027,"H5253 - UNITEDHEALTHCARE OF WISCONSIN, INC.",https://cms-mpf.optum-uhc-stage.net/api/cms/plans/H5253/2027,Machine-readable JSON,6/24/26 10:22
2027,H5262 - QUARTZ HEALTH PLAN CORPORATION,https://cms.healthsparq.com/mpf/v1/H5262/2027/H5262-2027-index.json,FHIR JSON,8/13/26 11:23
2027,"H5272 - ABSOLUTE TOTAL CARE, INC.",https://api.centene.com/medicare/reference/H5272index.json,Machine-readable JSON,7/10/26 15:25
2027,"H5294 - SUPERIOR HEALTHPLAN, INC.",https://api.centene.com/medicare/reference/H5294index.json,Machine-readable JSON,7/10/26 15:25
2027,"H5296 - ALIGNMENT HEALTH PLAN OF NORTH CAROLINA, INC.",https://mpf.alignmenthealth.com/mpf-provider-directory/H5296-cms-data-index.json,Machine-readable JSON,6/4/26 15:50
2027,H5299 - DEVOTED HEALTH PLAN OF NORTH CAROLINA INC,https://fhir.devoted.com/H5299/2027,FHIR JSON,8/12/26 14:58
2027,H5302 - AETNA HEALTH INC. (GA),https://www.aetna.com/interoperability/2027/H5302/index.json,FHIR JSON,8/7/26 13:20
2027,"H5314 - TUFTS HEALTH PUBLIC PLANS, INC.",https://cms-uat.healthsparq.com/mpf/v1/H5314/2026/H5314-2026-index.json,FHIR JSON,7/6/26 15:45
2027,H5322 - CARE IMPROVEMENT PLUS SOUTH CENTRAL INSURANCE CO.,https://cms-mpf.optum-uhc-stage.net/api/cms/plans/H5322/2027,Machine-readable JSON,6/24/26 10:22
2027,"H5325 - COVENTRY HEALTH CARE OF KANSAS, INC.",https://www.aetna.com/interoperability/2027/H5325/index.json,FHIR JSON,8/7/26 13:21
2027,H5334 - DEVOTED HEALTH INSURANCE COMPANY OF NEW YORK,https://fhir.devoted.com/H5334/2027,FHIR JSON,6/11/26 09:41
2027,H5361 - AMERIHEALTH INSURANCE COMPANY OF NEW JERSEY,https://eapics.qa.amerihealth.com/api/mpf/AH/2027/H5361/index.json,FHIR JSON,8/27/26 16:25
2027,"H5374 - LONGEVITY HEALTH PLAN OF NORTH CAROLINA, INC.",https://nc26dir.longevityhealthplan.com,Machine-readable JSON,6/30/26 15:34
2027,"H5377 - HUMANA MEDICAL PLAN OF PENNSYLVANIA, INC.",https://fhir.humana.com/api,FHIR JSON,6/10/26 11:35
2027,"H5397 - DEVOTED HEALTH PLAN OF HAWAII, INC.",https://fhir.devoted.com/H5397/2027,FHIR JSON,8/12/26 14:58
2027,"H5410 - HEALTHSPRING OF FLORIDA, INC.",https://mpf.healthspring.com/H5410/index.json,Machine-readable JSON,7/10/26 18:54
2027,"H5420 - Preferred Care Network, Inc.",https://cms-mpf.optum-uhc-stage.net/api/cms/plans/H5420/2027,Machine-readable JSON,6/24/26 10:22
2027,H5422 - BLUE CROSS BLUE SHIELD HEALTHCARE PLAN OF GEORGIA,https://totalview.healthos.anthem.com/cms/H5422/index.json,FHIR JSON,8/11/26 10:12
2027,H5425 - SCAN HEALTH PLAN,https://scan-q-002.sitecorecontenthub.cloud/api/public/content/provider_H5425.json,Machine-readable JSON,9/3/26 17:25
2027,"H5427 - FREEDOM HEALTH, INC.",https://stgwus2connectprdsa001.blob.core.windows.net/freedom-providerdirectory-2027/index.json,FHIR JSON,8/24/26 10:25
2027,"H5431 - HEALTHSUN HEALTH PLANS, INC.",https://stgwus2connectprdsa001.blob.core.windows.net/healthsun-providerdirectory-2027/index.json,FHIR JSON,9/9/26 10:39
2027,H5433 - ORANGE COUNTY HEALTH AUTHORITY,https://cms.caloptima.org/MPF/H5433/indexdata.json,Machine-readable JSON,7/9/26 18:17
2027,"H5434 - BLUE CROSS AND BLUE SHIELD OF FLORIDA, INC.",https://q8ye948ddl.execute-api.us-east-1.amazonaws.com/prod/pd/H5434,Machine-readable JSON,7/8/26 09:43
2027,H5439 - HEALTH NET LIFE INSURANCE COMPANY,https://api.centene.com/medicare/reference/H5439index.json,Machine-readable JSON,7/10/26 15:25
2027,"H5447 - COMMUNITY FIRST HEALTH PLANS, INC.",https://medicare.communityfirsthealthplans.com/index-medicare.json,Machine-readable JSON,8/6/26 10:29
2027,H5453 - DEVOTED HEALTH INSURANCE COMPANY OF GEORGIA INC,https://fhir.devoted.com/H5453/2027,FHIR JSON,8/12/26 14:58
2027,"H5471 - SIMPLY HEALTHCARE PLANS, INC.",https://totalview.healthos.simplyhealthcareplans.com/cms/H5471/index.json,FHIR JSON,8/11/26 10:13
2027,H5472 - ALIGNMENT HEALTH INSURANCE COMPANY OF ARIZONA INC,https://mpf.alignmenthealth.com/mpf-provider-directory/H5472-cms-data-index.json,Machine-readable JSON,6/4/26 15:50
2027,"H5475 - MERIDIAN HEALTH PLAN OF MICHIGAN, INC.",https://api.centene.com/medicare/reference/H5475index.json,Machine-readable JSON,7/10/26 15:26
2027,"H5496 - IMPERIAL HEALTH PLAN OF CALIFORNIA, INC.",https://imperialhealthplan.com/california/los-angeles/members/provider-directory/,Machine-readable JSON,7/10/26 17:32
2027,H5521 - AETNA LIFE INSURANCE COMPANY,https://www.aetna.com/interoperability/2027/H5521/index.json,FHIR JSON,8/7/26 13:21
2027,H5522 - AETNA LIFE INSURANCE COMPANY,https://www.aetna.com/interoperability/2027/H5522/index.json,FHIR JSON,8/7/26 13:21
2027,"H5525 - HUMANA BENEFIT PLAN OF ILLINOIS, INC.",https://fhir.humana.com/api,FHIR JSON,6/10/26 11:35
2027,H5526 - Highmark Western and Northeastern New York Inc.,https://mrfdata.hmhs.com/files/smilecdr/inbound/HMNY_Provider_Directory_Index.json,FHIR JSON,8/27/26 14:35
2027,"H5533 - UPMC HEALTH NETWORK, INC.",https://content.upmchealthplan.com/fhir/MPF/H5533-CY2027/index.json,Machine-readable JSON,7/24/26 13:28
2027,H5549 - VNS CHOICE,https://gateway.1up.health/v1/vns-health/r4/public/mpf/H5549-CY2027/index.json,FHIR JSON,8/6/26 09:14
2027,"H5577 - MCS ADVANTAGE, INC.",https://gateway.1up.health/v1/mcs/r4/public/mpf/H5577-CY2027/index.json,FHIR JSON,7/20/26 15:29
2027,H5580 - MERCY CARE,https://www.mercycareaz.org/content/dam/mercycare/pdf/index.json,Machine-readable JSON,7/9/26 13:49
2027,"H5587 - HEALTH CHOICE ARIZONA, INC.",https://assets.azblue.com/asset/f2b933df-487b-483e-82fe-e698a903d135/H5587-index-1.json,Machine-readable JSON,8/13/26 18:46
2027,"H5590 - Bridgeway Health Solutions of Arizona, Inc.",https://api.centene.com/medicare/reference/H5590index.json,Machine-readable JSON,7/10/26 15:26
2027,"H5591 - MARTIN'S POINT GENERATIONS ADVANTAGE, INC.",https://api-MPHC-prd.safhir.io/v1/api/providerdirectory/cms-hpms-manifest/H5591,FHIR JSON,7/8/26 17:51
2027,H5593 - AETNA HEALTH OF IOWA INC.,https://www.aetna.com/interoperability/2027/H5593/index.json,FHIR JSON,8/7/26 13:22
2027,"H5594 - OPTIMUM HEALTHCARE, INC.",https://stgwus2connectprdsa001.blob.core.windows.net/optimum-providerdirectory-2027/index.json,FHIR JSON,8/24/26 10:25
2027,H5599 - NEW YORK QUALITY HEALTHCARE CORPORATION,https://api.centene.com/medicare/reference/H5599index.json,Machine-readable JSON,7/10/26 15:26
2027,"H5608 - DENVER HEALTH MEDICAL PLAN, INC.",https://www.denverhealthmedicalplan.org/transparency-coverage/files/DHMP_Index_File_09_09_2026.json,Machine-readable JSON,9/9/26 14:38
2027,"H5619 - ARCADIAN HEALTH PLAN, INC.",https://fhir.humana.com/api,FHIR JSON,6/10/26 11:43
2027,"H5628 - MOLINA HEALTHCARE OF UTAH, INC.",https://www.molinahealthcare.com/cmsjson/378245/MCareFHIR/H5628/index.json,FHIR JSON,7/9/26 15:39
2027,"H5652 - SIERRA HEALTH AND LIFE INSURANCE COMPANY, INC.",https://cms-mpf.optum-uhc-stage.net/api/cms/plans/H5652/2027,Machine-readable JSON,6/24/26 10:23
2027,H5692 - SANTA CRUZ MONTEREY MERCED SAN BENITO MARIPOSA MANAGED MEDICAL CARE COMMISSION,https://thealliance.health/H5692-2026/index.json,FHIR JSON,7/9/26 19:35
2027,H5703 - SOUTH COUNTRY HEALTH ALLIANCE,https://gateway.1up.health/v1/mnscha/r4/public/mpf/H5703-CY2027/index.json,FHIR JSON,7/10/26 10:18
2027,H5718 - DEVOTED HEALTH INSURANCE COMPANY OF KENTUCKY INC,https://fhir.devoted.com/H5718/2027,FHIR JSON,8/12/26 14:58
2027,H5734 - SAN JOAQUIN COUNTY HEALTH COMMISSION,https://www.hpsj.com/find-a-doctor/,FHIR JSON,7/10/26 14:42
2027,"H5767 - MEDCARE PARTNERS HEALTH PLAN OF TEXAS, LLC",https://providerdirectory.mcpartnerstx.com/providers/index.json,FHIR JSON,7/9/26 17:20
2027,"H5774 - TRIPLE S ADVANTAGE, INC.",https://devtshcontenportalblob.blob.core.windows.net/mpf-files/index_H5774_2026.json,Machine-readable JSON,5/22/26 11:19
2027,"H5779 - MERIDIAN HEALTH PLAN OF ILLINOIS, INC.",https://api.centene.com/medicare/reference/H5779index.json,Machine-readable JSON,7/10/26 15:26
2027,H5793 - AETNA HEALTH INC. (CT),https://www.aetna.com/interoperability/2027/H5793/index.json,FHIR JSON,8/7/26 13:22
2027,"H5823 - MOLINA HEALTHCARE OF WASHINGTON, INC.",https://www.molinahealthcare.com/cmsjson/378245/MCareFHIR/H5823/index.json,FHIR JSON,7/9/26 18:43
2027,H5826 - COMMUNITY HEALTH PLAN OF WASHINGTON,https://medicare-advantage-plan-finder-provider-directory.interop.chpw.org/h5826/2027/index.json,FHIR JSON,7/9/26 23:55
2027,"H5828 - WELLPOINT TENNESSEE, INC.",https://totalview.healthos.wellpoint.com/cms/H5828/index.json,FHIR JSON,8/11/26 12:12
2027,"H5843 - BANNER HEALTH PLAN, INC.",https://bannerhealthnetwork.com/CMS_Provider_Directory/H5843/2027/index.json,Machine-readable JSON,8/21/26 01:52
2027,H5852 - AIDS HEALTHCARE FOUNDATION,https://gateway.1up.health/v1/ahf/r4/public/mpf/H5852-CY2027/index.json,FHIR JSON,9/2/26 20:04
2027,"H5854 - ANTHEM HEALTH PLANS, INC.",https://totalview.healthos.anthem.com/cms/H5854/index.json,FHIR JSON,8/11/26 12:54
2027,"H5859 - HEALTH PLAN OF CAREOREGON, INC.",https://careoregonadvantage.org/members/find-a-provider,Machine-readable JSON,7/9/26 11:05
2027,H5883 - BLUE CARE NETWORK OF MICHIGAN,https://cms-uat.healthsparq.com/mpf/v1/H5883/2027/H5883-2027-index.json,FHIR JSON,7/30/26 15:19
2027,"H5926 - MOLINA HEALTHCARE OF MICHIGAN, INC.",https://www.molinahealthcare.com/cmsjson/378245/MCareFHIR/H5926/index.json,FHIR JSON,7/9/26 18:44
2027,H5928 - California Physicians' Service,https://cloud-api.blueshieldca.com/fhir-cms-client/api/cms-export/H5928/2027,FHIR JSON,8/24/26 18:07
2027,"H5932 - GATEWAY HEALTH PLAN, INC.",https://cms.healthsparq.com/mpf/v1/H5932/2027/H5932-2027-index.json,FHIR JSON,8/18/26 16:00
2027,H5938 - CAPITAL HEALTH PLAN,https://gateway.1up.health/v1/chp/r4/public-ma/mpf/H5938-CY2027/index.json,FHIR JSON,7/9/26 15:30
2027,H5943 - SCAN HEALTH PLAN,https://scan-q-002.sitecorecontenthub.cloud/api/public/content/provider_H5493.json,Machine-readable JSON,9/3/26 17:25
2027,H5945 - PROMINENCE HEALTHFIRST,https://prominencemedicare.com/get-care/find-a-doctor/provider-and-pharmacy-directories/,FHIR JSON,7/10/26 23:16
2027,"H5959 - BCBSM, Inc.",https://fhir-developer.bluecrossmn.com/provider-directory,FHIR JSON,7/9/26 13:10
2027,H5969 - ALOHACARE,https://www.alohacare.org/userfiles/MONTHLY%20WEBSITE%20UPDATES/AlohaCare%20Provider%20Directory_AAP.json,Machine-readable JSON,8/19/26 22:05
2027,H5970 - HUMANA INSURANCE COMPANY OF NEW YORK,https://fhir.humana.com/api,FHIR JSON,6/10/26 11:43
2027,"H5989 - HEALTHFIRST HEALTH PLAN, INC.",https://hf-provider-directory-fhir.healthfirst.org/cms-mpf/CY2027/H5989/index.json,FHIR JSON,8/30/26 19:25
2027,H5991 - HEALTH INSURANCE PLAN OF GREATER NEW YORK,https://transparency.emblemhealth.com/MedicareProviderDirectory/GetFile?FileName=index.json&PlanType=H5991&FileType=Current,FHIR JSON,8/31/26 14:09
2027,"H5992 - SENIOR WHOLE HEALTH OF NEW YORK, INC.",https://www.molinahealthcare.com/cmsjson/378245/MCareFHIR/H5992/index.json,FHIR JSON,7/9/26 18:44
2027,H6018 - DEVOTED HEALTH INSURANCE COMPANY OF PENNSYLVANIA INC,https://fhir.devoted.com/H6018/2027,FHIR JSON,8/12/26 14:59
2027,H6019 - SAN MATEO HEALTH COMMISSION,https://gateway.1up.health/v1/hpsm/r4/public/mpf/H6019-CY2027/index.json,FHIR JSON,7/9/26 17:34
2027,"H6158 - USABLE HMO, INC.",https://cms.healthsparq.com/mpf/v1/H6158/2027/H6158-2027-index.json,FHIR JSON,9/4/26 10:33
2027,H6170 - CHAMPION HEALTH PLAN OF CALIFORNIA INC,https://dtbvgvfrj0.execute-api.us-east-1.amazonaws.com/prod/fhir-directory/CA/r4/metadata,FHIR JSON,8/21/26 19:14
2027,H6194 - MULTICARE HEALTH PLAN,https://cmsproviderdirectory.z5.web.core.windows.net/index.json,Machine-readable JSON,7/10/26 12:33
2027,"H6200 - ESSENCE HEALTHCARE PPO, INC.",https://providerdirectory.healthlx.com/LUMERIS/H6200/2027/index.json,FHIR JSON,8/18/26 16:48
2027,H6224 - HIGHMARK HEALTH OPTIONS WEST VIRGINIA INC.,https://cms.healthsparq.com/mpf/v1/H6224/2027/H6224-2027-index.json,FHIR JSON,8/18/26 16:01
2027,H6237 - REGENCE BLUECROSS BLUESHIELD OF OREGON,https://cms.healthsparq.com/mpf/v1/H6237/2027/H6237-2027-index.json,FHIR JSON,9/4/26 11:16
2027,H6248 - COMMUNITY HEALTH GROUP,https://cmsproviderdirectory.chgsd.com/H6248/2026/index.json,FHIR JSON,9/9/26 14:09
2027,H6303 - AETNA BETTER HEALTH INC. (CT),https://www.aetna.com/interoperability/2027/H6303/index.json,FHIR JSON,8/7/26 13:24
2027,H6309 - HEALTHPARTNERS INSURANCE COMPANY,https://www.healthpartners.com/cms/provider-directory,FHIR JSON,7/10/26 15:23
2027,"H6316 - MISSOURI CARE, INCORPORATED",https://totalview.healthos.healthybluemo.com/cms/H6316/index.json,FHIR JSON,8/11/26 13:02
2027,"H6322 - MCLAREN HEALTH PLAN, INC.",https://www.mclaren.org/Uploads/Public/Documents/HealthPlan/documents/CMSUploads/cms-medicare-data-index-H6322-2027.json,Machine-readable JSON,8/11/26 16:07
2027,"H6341 - AMERIHEALTH MICHIGAN, INC.",https://cms.healthsparq.com/mpf/v1/H6341/2027/H6341-2027-index.json,Machine-readable JSON,8/27/26 16:25
2027,"H6345 - PRUITTHEALTH PREMIER NORTH CAROLINA, LLC",https://fhirmpf.curanahealth.com/H6345/2027/,FHIR JSON,8/18/26 11:23
2027,H6348 - COORDINATED CARE CORPORATION,https://api.centene.com/medicare/reference/H6348index.json,Machine-readable JSON,7/10/26 15:27
2027,"H6351 - LIBERTY ADVANTAGE, LLC",https://api.insurelytix.com/mpf/v1/tenants/liberty-medicare-advantage.insurelytix.com/contracts/H6351/2027/index.json,Machine-readable JSON,8/27/26 08:58
2027,"H6368 - ELITE HEALTH PLAN, INC.",https://mpf.elitehealthplan.com/,Machine-readable JSON,8/4/26 12:25
2027,"H6378 - AMERIHEALTH CARITAS FLORIDA, INC.",https://cms.healthsparq.com/mpf/v1/H6378/2027/H6378-2027-index.json,Machine-readable JSON,8/27/26 16:26
2027,"H6396 - CARESOURCE OHIO, INC.",https://www.caresource.com/rest/cs/data/1.0/provider-directory/oh/dual/2026,Machine-readable JSON,7/10/26 16:32
2027,H6399 - AETNA BETTER HEALTH INC. (NJ),https://www.aetna.com/interoperability/2027/H6399/index.json,FHIR JSON,8/7/26 13:25
2027,"H6407 - AMERIHEALTH HMO, INC",https://eapics.qa.amerihealth.com/api/mpf/AH/2027/H6407/index.json,FHIR JSON,8/27/26 16:26
2027,"H6453 - HMO LOUISIANA, INC.",https://cdn.lablue.com/cms/H6453/H6453index.json,Machine-readable JSON,5/28/26 17:38
2027,"H6474 - CHAMPION HEALTH PLAN OF NEVADA, INC.",https://dtbvgvfrj0.execute-api.us-east-1.amazonaws.com/prod/fhir-directory/NV/r4/metadata,FHIR JSON,8/21/26 19:16
2027,"H6515 - MOLINA HEALTHCARE OF TEXAS, INC.",https://www.molinahealthcare.com/cmsjson/378245/MCareFHIR/H6515/index.json,FHIR JSON,7/9/26 18:44
2027,"H6529 - SOUTHEASTERN INDIANA HEALTH ORGANIZATION, INC.",https://stmapdirexportprdeus2.z20.web.core.windows.net/mpf-provider-directory/2027/H6529/index.json,Machine-readable JSON,8/26/26 16:08
2027,"H6545 - Devoted Health Insurance Company of Illinois, Inc.",https://fhir.devoted.com/H6545/2027,FHIR JSON,8/12/26 14:59
2027,"H6550 - SUNFLOWER STATE HEALTH PLAN, INC.",https://api.centene.com/medicare/reference/H6550index.json,Machine-readable JSON,7/10/26 15:27
2027,H6566 - LAGNIAPPE ADVANTAGE INSURANCE COMPANY,https://fhirmpf.curanahealth.com/H6566/2027/,FHIR JSON,8/18/26 11:23
2027,"H6585 - MOLINA HEALTHCARE OF NEBRASKA, INC.",https://www.molinahealthcare.com/cmsjson/378245/MCareFHIR/H6585/index.json,FHIR JSON,7/9/26 18:45
2027,"H6586 - DEVOTED HEALTH INSURANCE COMPANY OF ARIZONA, INC.",https://fhir.devoted.com/H6586/2027,FHIR JSON,8/12/26 14:59
2027,"H6595 - UNITEDHEALTHCARE OF WISCONSIN, INC.",https://cms-mpf.optum-uhc-stage.net/api/cms/plans/H6595/2027,Machine-readable JSON,6/24/26 10:23
2027,H6622 - HUMANA WI HEALTH ORGANIZATION INSURANCE CORP,https://fhir.humana.com/api,FHIR JSON,6/10/26 11:43
2027,"H6652 - AMERICAN HEALTH PLAN OF FL, INC.",https://directory.amhealthplans.com/mpfdir/H6652/index.json,Machine-readable JSON,8/7/26 14:40
2027,H6697 - ALIGNMENT HEALTH ADVANTAGE PLAN INC.,https://mpf.alignmenthealth.com/mpf-provider-directory/H6697-cms-data-index.json,Machine-readable JSON,8/5/26 16:54
2027,"H6706 - UnitedHealthcare Benefits of Texas, Inc.",https://cms-mpf.optum-uhc-stage.net/api/cms/plans/H6706/2027,Machine-readable JSON,6/24/26 10:23
2027,H6723 - MEDICAL MUTUAL OF OHIO,https://cms-uat.healthsparq.com/mpf/v1/H6723/2027/H6723-2027-index.json,FHIR JSON,9/3/26 12:42
2027,H6743 - ATRIO HEALTH PLANS,https://animas-static.azureedge.net/mpf/ATRIO/2026/H6743/index.json,Machine-readable JSON,7/17/26 11:15
2027,H6765 - AMERICAN HEALTH PLAN OF IOWA INC,https://directory.amhealthplans.com/mpfdir/H6765/index.json,Machine-readable JSON,8/7/26 14:40
2027,"H6776 - ELDERSERVE HEALTH, INC.",https://fhir-app-portal.elderserve.aidbox.app/mpf-provider-directory/H6776/2027/index.json,FHIR JSON,9/9/26 13:42
2027,H6813 - DEVOTED HEALTH INSURANCE COMPANY OF TEXAS,https://fhir.devoted.com/H6813/2027,FHIR JSON,8/12/26 14:59
2027,"H6815 - HEALTH NET HEALTH PLAN OF OREGON, INC.",https://api.centene.com/medicare/reference/H6815index.json,Machine-readable JSON,7/10/26 15:27
2027,H6824 - UNITEDHEALTHCARE INSURANCE COMPANY,https://cms-mpf.optum-uhc-stage.net/api/cms/plans/H6824/2027,Machine-readable JSON,6/24/26 10:24
2027,"H6832 - ALIGN SENIOR CARE MI, LLC",https://fhirmpf.curanahealth.com/H6832/2027/,FHIR JSON,8/18/26 11:23
2027,"H6847 - Mass General Brigham Health Plan, Inc.",https://mgbhpmpfeptprod-bbc8hyajfhgzdkay.a01.azurefd.net/cms-mpf-prod/Index/H6847_2027_index.json,Machine-readable JSON,7/10/26 16:29
2027,H6852 - DEVOTED HEALTH PLAN OF PENNSYLVANIA INC,https://fhir.devoted.com/H6852/2027,FHIR JSON,8/12/26 14:59
2027,"H6876 - ZING HEALTH OF MICHIGAN, INC.",https://gateway.1up.health/v1/zing/r4/public/mpf/H6876-CY2027/index.json,FHIR JSON,8/30/26 13:53
2027,"H6959 - ISNP VENTURES, LLC",https://fhirmpf.curanahealth.com/H6959/2027/,FHIR JSON,8/18/26 11:23
2027,"H6971 - MERIDIAN HEALTH PLAN OF ILLINOIS, INC.",https://api.centene.com/medicare/reference/H6971index.json,Machine-readable JSON,7/10/26 15:27
2027,"H6988 - Anthem HP, LLC",https://totalview.healthos.anthem.com/cms/H6988/index.json,FHIR JSON,8/11/26 13:03
2027,H6994 - DEVOTED HEALTH PLAN OF VIRGINIA INC,https://fhir.devoted.com/H6994/2027,FHIR JSON,8/12/26 14:59
2027,H7006 - ATRIO HEALTH PLANS,https://animas-static.azureedge.net/mpf/ATRIO/2026/H7006/index.json,Machine-readable JSON,7/10/26 17:53
2027,"H7020 - HEALTHSPRING LIFE & HEALTH INSURANCE COMPANY, INC.",https://mpf.healthspring.com/H7020/index.json,Machine-readable JSON,7/10/26 18:54
2027,H7028 - DEVOTED HEALTH INSURANCE COMPANY OF SOUTH CAROLINA INC,https://fhir.devoted.com/H7028/2027,FHIR JSON,8/12/26 14:59
2027,"H7063 - BLUECROSS BLUESHIELD KANSAS SOLUTIONS, INC.",https://mrf.secure.bcbsks.com/api/providerdownloadhttptrigger?name=index&ext=json,FHIR JSON,9/1/26 09:51
2027,"H7074 - ALIGNMENT HEALTH PLAN OF NORTH CAROLINA, INC.",https://mpf.alignmenthealth.com/mpf-provider-directory/H7074-cms-data-index.json,Machine-readable JSON,6/4/26 15:50
2027,H7093 - COMMUNITY INSURANCE COMPANY,https://totalview.healthos.anthem.com/cms/H7093/index.json,FHIR JSON,8/11/26 13:04
2027,"H7123 - UPMC HEALTH COVERAGE, INC.",https://content.upmchealthplan.com/fhir/MPF/H7123-CY2027/index.json,Machine-readable JSON,7/24/26 13:28
2027,H7147 - DEVOTED HEALTH PLAN OF COLORADO INC,https://fhir.devoted.com/H7147/2027,FHIR JSON,8/12/26 14:59
2027,H7149 - AETNA HEALTH INC. (PA),https://www.aetna.com/interoperability/2027/H7149/index.json,FHIR JSON,8/7/26 13:27
2027,"H7151 - DEVOTED HEALTH PLAN OF ILLINOIS, INC.",https://fhir.devoted.com/H7151/2027,FHIR JSON,8/12/26 14:59
2027,H7191 - DEVOTED HEALTH INSURANCE COMPANY OF NEW HAMPSHIRE,https://fhir.devoted.com/H7191/2027,FHIR JSON,6/11/26 09:41
2027,H7199 - DEVOTED HEALTH  PLAN OF OREGON,https://fhir.devoted.com/H7199/2027,FHIR JSON,8/12/26 14:59
2027,"H7220 - HealthKeepers, Inc.",https://totalview.healthos.anthem.com/cms/H7220/index.json,FHIR JSON,8/11/26 13:04
2027,H7239 - PROMINENCE HEALTHFIRST OF FLORIDA INC,https://prominencemedicare.com/get-care/find-a-doctor/provider-and-pharmacy-directories/,FHIR JSON,7/10/26 23:17
2027,"H7284 - HUMANA HEALTH INSURANCE COMPANY OF FLORIDA, INC.",https://fhir.humana.com/api,FHIR JSON,6/10/26 11:43
2027,"H7301 - COVENTRY HEALTH CARE OF ILLINOIS, INC.",https://www.aetna.com/interoperability/2027/H7301/index.json,FHIR JSON,8/7/26 13:28
2027,"H7318 - MOLINA HEALTHCARE OF NEW MEXICO, INC.",https://www.molinahealthcare.com/cmsjson/378245/MCareFHIR/H7318/index.json,FHIR JSON,7/9/26 18:45
2027,"H7326 - WELLCARE OF SOUTH CAROLINA, INC.",https://api.centene.com/medicare/reference/H7326index.json,Machine-readable JSON,7/10/26 15:28
2027,H7355 - DEVOTED HEALTH INSURANCE COMPANY OF MISSISSIPPI,https://fhir.devoted.com/H7355/2027,FHIR JSON,8/12/26 15:00
2027,"H7379 - CAREFIRST ADVANTAGE PPO, INC.",https://www.carefirst.com/medicare-options/json/H7379-2027-index.json,Machine-readable JSON,7/10/26 11:42
2027,H7397 - DEVOTED HEALTH INSURANCE COMPANY OF ARKANSAS INC,https://fhir.devoted.com/H7397/2027,FHIR JSON,8/12/26 15:00
2027,"H7435 - MERIDIAN HEALTH PLAN OF MICHIGAN, INC.",https://api.centene.com/medicare/reference/H7435index.json,Machine-readable JSON,7/10/26 15:28
2027,"H7440 - HEALTHY ARKANSAS, INC.",https://directory.healthy-ar.com/mpf/2027/H7440/index.json,FHIR JSON,7/9/26 16:29
2027,"H7464 - UNITEDHEALTHCARE OF THE MID-ATLANTIC, INC.",https://cms-mpf.optum-uhc-stage.net/api/cms/plans/H7464/2027,Machine-readable JSON,6/24/26 10:24
2027,H7471 - DEVOTED HEALTH INSURANCE COMPANY OF INDIANA,https://fhir.devoted.com/H7471/2027,FHIR JSON,8/12/26 15:00
2027,"H7511 - GOOD SAMARITAN INSURANCE PLAN OF NEBRASKA, INC.",https://shp-web-public.s3.amazonaws.com/PRD/medicare/h7511/mpf-data-index.json,Machine-readable JSON,7/7/26 10:37
2027,"H7518 - WELLCARE OF MISSOURI HEALTH INSURANCE COMPANY, INC",https://api.centene.com/medicare/reference/H7518index.json,Machine-readable JSON,7/10/26 15:28
2027,H7524 - EXCELLUS HEALTH PLAN COMMUNITY CARE LLC,https://cms-uat.healthsparq.com/mpf/v1/H7524/2027/H7524-2027-index.json,FHIR JSON,7/10/26 13:21
2027,"H7557 - LONGEVITY HEALTH PLAN OF MICHIGAN, INC.",https://mi26dir.longevityhealthplan.com,Machine-readable JSON,6/30/26 15:35
2027,H7598 - GROUP HEALTH COOPERATIVE OF EAU CLAIRE,https://ghcmpf.blob.core.windows.net/h7598/2027/index.json,FHIR JSON,7/6/26 08:07
2027,H7605 - DEVOTED HEALTH PLAN OF TENNESSEE INC,https://fhir.devoted.com/H7605/2027,FHIR JSON,8/12/26 15:00
2027,"H7607 - CLEVER CARE OF GOLDEN STATE, INC.",https://clevercareprod.s3.us-west-1.amazonaws.com/providerdirectory/index.json,Machine-readable JSON,7/7/26 18:22
2027,H7617 - EMPHESYS INSURANCE COMPANY,https://fhir.humana.com/api,FHIR JSON,6/10/26 11:44
2027,H7620 - SANTA BARBARA SAN LUIS OBISPO REGIONAL HEALTH AUTHORITY DBA CENCAL HEALTH,https://cencalhealth.org/provider-directory-json/individuals.json,FHIR JSON,8/28/26 19:01
2027,H7635 - NEIGHBORHOOD HEALTH PLAN OF RHODE ISLAND,https://files.nhpri.org/MedicarePlanFinder/ProviderDirectory/,FHIR JSON,7/9/26 16:09
2027,"H7678 - MOLINA HEALTHCARE OF TEXAS, INC.",https://www.molinahealthcare.com/cmsjson/378245/MCareFHIR/H7678/index.json,FHIR JSON,7/9/26 18:45
2027,H7680 - PROMINENCE HEALTHFIRST OF TEXAS,https://prominencemedicare.com/get-care/find-a-doctor/provider-and-pharmacy-directories/,FHIR JSON,7/10/26 23:17
2027,"H7710 - HIGHMARK BCBSD, INC.",https://cms.healthsparq.com/mpf/v1/H7710/2027/H7710-2027-index.json,FHIR JSON,8/18/26 16:01
2027,H7766 - DEVOTED HEALTH INSURANCE COMPANY OF LOUISIANA,https://fhir.devoted.com/H7766/2027,FHIR JSON,8/12/26 15:00
2027,"H7779 - AMERICAN HEALTH PLAN, INC.",https://directory.amhealthplans.com/mpfdir/H7779/index.json,Machine-readable JSON,8/7/26 14:41
2027,"H7849 - HEALTHSPRING LIFE & HEALTH INSURANCE COMPANY, INC.",https://mpf.healthspring.com/H7849/index.json,Machine-readable JSON,7/10/26 18:55
2027,"H7917 - BLUECROSS BLUESHIELD OF TENNESSEE, INC.",https://provider.bcbst.com/cms_assets/fhir/h7917_index.json,Machine-readable JSON,7/29/26 13:00
2027,"H7993 - DEVOTED HEALTH PLAN OF TEXAS, INC.",https://fhir.devoted.com/H7993/2027,FHIR JSON,8/12/26 15:00
2027,H8003 - BLUECROSS AND BLUESHIELD OF SOUTH CAROLINA,https://d3p6r9asbehd5f.cloudfront.net/index.json,FHIR JSON,8/26/26 09:45
2027,H8010 - CLOVER HMO OF NEW JERSEY INC.,https://www.cloverhealth.com/members/find-provider,FHIR JSON,7/9/26 14:32
2027,H8051 - SAN FRANCISCO HEALTH AUTHORITY DBA SAN FRANCISCO HEALTH PLAN,https://uat120.fhir.edifecsfedcloud.com/sfhp_cms/cms-report/H8051/index.json,FHIR JSON,9/2/26 13:24
2027,"H8093 - GEORGIA ASSURANCE, INC.",https://directory.amhealthplans.com/mpfdir/H8093/index.json,Machine-readable JSON,8/7/26 14:42
2027,H8142 - SCOTT AND WHITE HEALTH PLAN,https://wadcdnstorageprod.blob.core.windows.net/bswhp/JSON/BSWHP_CMS_MPF_H8142_2026_Index.json,Machine-readable JSON,7/10/26 16:13
2027,H8145 - HUMANA INSURANCE COMPANY,https://fhir.humana.com/api,FHIR JSON,6/10/26 11:44
2027,H8166 - HIGHMARK BCBSD INC.,https://mrfdata.hmhs.com/files/smilecdr/inbound/HMDE_Provider_Directory_Index.json,FHIR JSON,8/30/26 09:59
2027,"H8173 - DEVOTED HEALTH PLAN OF ARIZONA, INC.",https://fhir.devoted.com/H8173/2027,FHIR JSON,8/12/26 15:00
2027,"H8176 - MOLINA HEALTHCARE OF SOUTH CAROLINA,INC",https://www.molinahealthcare.com/cmsjson/378245/MCareFHIR/H8176/index.json,FHIR JSON,7/9/26 18:46
2027,"H8181 - SAPPHIRE EDGE, INC.",https://cms.healthsparq.com/mpf/v1/H8181/2027/H8181-2027-index.json,FHIR JSON,8/21/26 12:07
2027,H8189 - MANAGED HEALTH SERVICES INSURANCE CORP.,https://api.centene.com/medicare/reference/H8189index.json,Machine-readable JSON,7/10/26 15:29
2027,H8211 - CARE IMPROVEMENT PLUS SOUTH CENTRAL INSURANCE CO.,https://cms-mpf.optum-uhc-stage.net/api/cms/plans/H8211/2027,Machine-readable JSON,6/24/26 10:24
2027,"H8212 - AMERIHEALTH CARITAS NORTH CAROLINA, INC.",https://cms.healthsparq.com/mpf/v1/H8212/2027/H8212-2027-index.json,Machine-readable JSON,8/27/26 16:27
2027,"H8267 - RANGE HEALTH, INC.",https://apif.infosyshelix.com/tenant/rangehealth/fhir/v1/providerdirectory,FHIR JSON,7/22/26 11:09
2027,"H8298 - HORIZON HEALTHCARE OF NEW JERSEY, INC.",https://static-assets.horizonblue.com/mpf/H8298/2027/index.json,FHIR JSON,9/2/26 15:37
2027,"H8320 - Devoted of Illinois, Inc.",https://fhir.devoted.com/H8320/2027,FHIR JSON,8/12/26 15:00
2027,H8330 - TUFTS ASSOCIATED HEALTH MAINTENANCE ORGANIZATION,https://cms-uat.healthsparq.com/mpf/v1/H8330/2026/H8330-2026-index.json,FHIR JSON,7/6/26 15:46
2027,H8332 - AETNA HEALTH INC. (TX),https://www.aetna.com/interoperability/2027/H8332/index.json,FHIR JSON,8/7/26 13:29
2027,"H8379 - PRIORITY HEALTH CHOICE, INC.",https://eppoa.spectrumhealth.org/FHIRProxy/api/FHIR/BulkPublish/Public/H8379_2027/MPF,FHIR JSON,8/24/26 09:05
2027,H8385 - SANFORD HEALTH PLAN,https://shp-web-public.s3.amazonaws.com/PRD/medicare/h8385/mpf-data-index.json,Machine-readable JSON,7/7/26 10:37
2027,"H8432 - ANTHEM HP, LLC.",https://totalview.healthos.anthem.com/cms/H8432/index.json,FHIR JSON,8/11/26 13:05
2027,"H8457 - LONGEVITY HEALTH PLAN OF NEW YORK, INC.",https://ny26dir.longevityhealthplan.com,Machine-readable JSON,6/30/26 15:35
2027,H8481 - HAWAII MEDICAL SERVICE ASSOCIATION (HMSA),https://hmsa.com/search/providers/MAProviderDirectory/H8481_2027_index.json,Machine-readable JSON,8/6/26 15:30
2027,H8492 - DIGNITY CARE CORPORATION,https://directory.amhealthplans.com/mpfdir/H8492/index.json,Machine-readable JSON,8/7/26 14:42
2027,"H8578 - HEALTH NEW ENGLAND, INC.",https://us120.fhir.m2.edifecsfedcloud.com/hne_cmsreport/H8578/index.json,FHIR JSON,7/10/26 13:04
2027,H8597 - AETNA BETTER HEALTH OF TEXAS INC.,https://www.aetna.com/interoperability/2027/H8597/index.json,FHIR JSON,8/7/26 13:29
2027,H8604 - THP INSURANCE COMPANY,https://gateway.1up.health/v1/thp/r4/public/mpf/H8604-CY2027/index.json,FHIR JSON,7/8/26 12:52
2027,H8649 - AETNA HEALTH OF UTAH INC.,https://www.aetna.com/interoperability/2027/H8649/index.json,FHIR JSON,8/7/26 13:29
2027,H8764 - ASPIRE HEALTH PLAN,https://aspire-medicare-plan-finder-prod.s3.us-west-2.amazonaws.com/index.html,FHIR JSON,7/8/26 18:24
2027,H8768 - CARE IMPROVEMENT PLUS SOUTH CENTRAL INSURANCE CO.,https://cms-mpf.optum-uhc-stage.net/api/cms/plans/H8768/2027,Machine-readable JSON,6/24/26 10:25
2027,"H8794 - KAISER FOUNDATION HP, INC.",https://healthy.kaiserpermanente.org/content/dam/kporg/data/ca/index-mpf.json,Machine-readable JSON,8/14/26 19:35
2027,"H8797 - PERENNIAL ADVANTAGE OF OHIO, INC.",https://fhirmpf.curanahealth.com/H8797/2027/,FHIR JSON,8/18/26 11:24
2027,H8832 - ALIGNMENT HEALTH ADVANTAGE PLAN INC,https://mpf.alignmenthealth.com/mpf-provider-directory/H8832-cms-data-index.json,Machine-readable JSON,6/4/26 15:53
2027,"H8845 - MOLINA HEALTHCARE OF ARIZONA, INC.",https://www.molinahealthcare.com/cmsjson/378245/MCareFHIR/H8845/index.json,FHIR JSON,7/9/26 15:40
2027,H8849 - WELLPOINT INSURANCE COMPANY,https://totalview.healthos.wellpoint.com/cms/H8849/index.json,FHIR JSON,8/11/26 13:06
2027,"H8854 - CAREFIRST ADVANTAGE DSNP, INC.",https://www.carefirst.com/medicare-options/json/H8854-2027-index.json,Machine-readable JSON,7/10/26 11:43
2027,"H8879 - Healthy Mississippi, Inc.",https://directory.healthy-ms.com/mpf/2027/H8879/index.json,FHIR JSON,7/9/26 16:29
2027,H8889 - MEDICA HEALTH PLANS,https://cms-uat.healthsparq.com/mpf/v1/H8889/2027/H8889-2027-index.json,Machine-readable JSON,8/28/26 13:50
2027,H8894 - Inland Empire Health Plan,https://fhir.iehp.org/mpf/H8894/2027/index.json,FHIR JSON,7/9/26 16:45
2027,"H8902 - SCAN HEALTH PLAN TEXAS, INC.",https://scan-q-002.sitecorecontenthub.cloud/api/public/content/provider_H8902.json,Machine-readable JSON,9/3/26 17:26
2027,"H8908 - HUMANA MEDICAL PLAN OF MICHIGAN, INC.",https://fhir.humana.com/api,FHIR JSON,6/10/26 11:44
2027,H8917 - DEVOTED HEALTH INSURANCE COMPANY OF WASHINGTON,https://fhir.devoted.com/H8917/2027,FHIR JSON,8/12/26 15:00
2027,H8928 - FALLON COMMUNITY HEALTH PLAN,https://gateway.1up.health/v1/fallon/r4/public/mpf/H8928-CY2027/index.json,FHIR JSON,7/8/26 16:50
2027,H8947 - PEAK HEALTH INSURANCE CORPORATION,https://wvumext.blob.core.windows.net/peakhealth/mpf/H8947/2027/index.json,Machine-readable JSON,9/2/26 12:11
2027,H9001 - FALLON COMMUNITY HEALTH PLAN,https://gateway.1up.health/v1/fallon/r4/public/mpf/H9001-CY2027/index.json,FHIR JSON,7/8/26 16:50
2027,H9003 - KAISER FOUNDATION HP OF THE N W,https://healthy.kaiserpermanente.org/content/dam/kporg/data/or/mpf-medicare.json,Machine-readable JSON,7/9/26 01:11
2027,"H9042 - SOUTHEASTERN INDIANA HEALTH ORGANIZATION, INC.",https://stmapdirexportprdeus2.z20.web.core.windows.net/mpf-provider-directory/2027/H9042/index.json,Machine-readable JSON,8/26/26 16:09
2027,"H9065 - AMH HEALTH, LLC",https://totalview.healthos.anthem.com/cms/H9065/index.json,FHIR JSON,8/11/26 13:06
2027,H9066 - VISITING NURSE ASSOCIATION OF CENTRAL NEW YORK,https://providerdirectory.healthlx.com/NASCENTIA/H9066/2027/index.json,FHIR JSON,7/9/26 12:43
2027,"H9096 - DEAN HEALTH PLAN, INC.",https://cms-uat.healthsparq.com/mpf/v1/H9096/2027/H9096-2027-index.json,Machine-readable JSON,8/28/26 13:50
2027,H9147 - BLUE CROSS AND BLUE SHIELD OF NORTH CAROLINA,https://fhir.sapphirecareselect.com/fhir/mpf/ma/bcbsnc/H9147/2027/index.json,FHIR JSON,7/8/26 08:31
2027,"H9153 - WEST VIRGINIA SENIOR ADVANTAGE, INC.",https://wvsa.pdjson-h9153.prd.healixcloud.net/index.json,Machine-readable JSON,7/10/26 09:52
2027,H9179 - TRINITY HEALTH PLAN OF MICHIGAN INC,https://forms.medigold.com/cms/H9179.json,Machine-readable JSON,8/14/26 10:11
2027,"H9191 - PROVIDER PARTNERS HEALTH PLAN OF MISSOURI, INC.",https://www.pphealthplan.com/directory-search/JSON/H9191/2027,Machine-readable JSON,8/28/26 13:04
2027,"H9207 - HEALTH PARTNERS PLANS, INC.",https://medicare-advantage-plan-finder-provider-directory.jeffersonhealthplans.com/h9207/2027/index.json,FHIR JSON,7/7/26 11:39
2027,H9231 - DEVOTED HEALTH INSURANCE COMPANY OF TENNESSEE INC,https://fhir.devoted.com/H9231/2027,FHIR JSON,8/12/26 15:00
2027,"H9306 - ALTERWOOD ADVANTAGE, INC.",https://api-atwd-prd.safhir.io/v1/api/provider-directory/cms-hpms-manifest/ATWD-H9306,FHIR JSON,7/6/26 09:54
2027,H9314 - AETNA BETTER HEALTH OF MICHIGAN INC.,https://www.aetna.com/interoperability/2027/H9314/index.json,FHIR JSON,8/7/26 13:29
2027,H9326 - WYOBLUE ADVANTAGE INC,https://wyoblue-providers.bluerelay.com/index.json,Machine-readable JSON,7/29/26 11:09
2027,"H9364 - WELLCARE OF MAINE, INC.",https://api.centene.com/medicare/reference/H9364index.json,Machine-readable JSON,7/10/26 15:29
2027,H9431 - FIRST HEALTH LIFE & HEALTH INSURANCE COMPANY,https://www.aetna.com/interoperability/2027/H9431/index.json,FHIR JSON,8/7/26 13:29
2027,H9525 - COMPCARE HEALTH SERVICES INSURANCE CORPORATION,https://totalview.healthos.anthem.com/cms/H9525/index.json,FHIR JSON,8/17/26 12:37
2027,H9572 - BCBS OF MICHIGAN MUTUAL INSURANCE COMPANY,https://cms-uat.healthsparq.com/mpf/v1/H9572/2027/H9572-2027-index.json,FHIR JSON,7/30/26 15:19
2027,"H9590 - LONGEVITY HEALTH PLAN OF ILLINOIS, INC.",https://il26dir.longevityhealthplan.com,Machine-readable JSON,6/30/26 15:35
2027,"H9615 - MVP HEALTH PLAN, INC.",https://cms-uat.healthsparq.com/mpf/v1/H9615/2026/H9615-2026-index.json,FHIR JSON,7/8/26 11:21
2027,H9623 - Ventura County Medi-Cal Managed Care Commission,https://uat120.fhir.edifecsfedcloud.com/gchp_cms/cms-report/H9623/index.json,FHIR JSON,9/9/26 15:37
2027,"H9630 - ARKANSAS HEALTH & WELLNESS HEALTH PLAN, INC.",https://api.centene.com/medicare/reference/H9630index.json,Machine-readable JSON,7/10/26 15:29
2027,"H9678 - HEALTHFIRST INSURANCE COMPANY, INC.",https://hf-provider-directory-fhir.healthfirst.org/cms-mpf/CY2027/H9678/index.json,FHIR JSON,8/30/26 19:25
2027,"H9686 - ALIGNMENT HEALTH PLAN OF NEVADA, INC.",https://mpf.alignmenthealth.com/mpf-provider-directory/H9686-cms-data-index.json,Machine-readable JSON,6/4/26 15:54
2027,H9690 - AMERICAN HEALTH PLAN OF INDIANA INC,https://directory.amhealthplans.com/mpfdir/H9690/index.json,Machine-readable JSON,8/7/26 14:42
2027,"H9699 - USABLE HMO, INC.",https://cms.healthsparq.com/mpf/v1/H9699/2027/H9699-2027-index.json,FHIR JSON,9/4/26 10:33
2027,H9700 - DEVOTED HEALTH PLAN OF NORTH CAROLINA INC,https://fhir.devoted.com/H9700/2027,FHIR JSON,8/12/26 15:00
2027,"H9725 - BRAVO HEALTH PENNSYLVANIA, INC.",https://mpf.healthspring.com/H9725/index.json,Machine-readable JSON,7/10/26 18:55
2027,"H9730 - WELLCARE HEALTH INSURANCE COMPANY OF KENTUCKY, INC",https://api.centene.com/medicare/reference/H9730index.json,Machine-readable JSON,7/10/26 15:29
2027,H9771 - AETNA BETTER HEALTH PREMIER PLAN MMAI INC.,https://www.aetna.com/interoperability/2026/H9771/index.json,FHIR JSON,7/1/26 14:05
2027,H9802 - DEVOTED HEALTH INSURANCE COMPANY OF NEBRASKA,https://fhir.devoted.com/H9802/2027,FHIR JSON,8/12/26 15:00
2027,H9808 - CARE N' CARE INSURANCE COMPANY OF NORTH CAROLINA,https://gateway.1up.health/v1/healthteam-advantage/r4/public/mpf/H9808-CY2027/index.json,FHIR JSON,7/10/26 08:41
2027,"H9826 - COMMUNITY HEALTH CHOICE TEXAS, INC.",https://providerdirectory.communityhealthchoice.org/index.json,Machine-readable JSON,7/9/26 17:11
2027,"H9827 - MOUNT CARMEL HEALTH PLAN OF NEW YORK, INC.",https://forms.medigold.com/cms/H9827.json,Machine-readable JSON,8/14/26 10:11
2027,H9834 - QUARTZ HEALTH PLAN MN CORPORATION,https://cms.healthsparq.com/mpf/v1/H9834/2027/H9834-2027-index.json,FHIR JSON,8/13/26 11:24
2027,H9862 - DEVOTED HEALTH INSURANCE COMPANY OF CONNECTICUT,https://fhir.devoted.com/H9862/2027,FHIR JSON,6/11/26 09:42
2027,H9884 - DEVOTED HEALTH INSURANCE COMPANY,https://fhir.devoted.com/H9884/2027,FHIR JSON,8/12/26 15:01
2027,H9888 - DEVOTED HEALTH INSURANCE COMPANY OF ALABAMA INC,https://fhir.devoted.com/H9888/2027,FHIR JSON,8/12/26 15:01
2027,H9907 - TUFTS ASSOCIATED HEALTH MAINTENANCE ORGANIZATION,https://cms-uat.healthsparq.com/mpf/v1/H9907/2026/H9907-2026-index.json,FHIR JSON,7/6/26 15:47
2027,"H9909 - AMERICAN HEALTH PLAN OF MS, INC.",https://directory.amhealthplans.com/mpfdir/H9909/index.json,Machine-readable JSON,8/7/26 14:43
2027,"H9917 - ALIGN SENIOR CARE FLORIDA, INC.",https://fhirmpf.curanahealth.com/H9917/2027/,FHIR JSON,8/18/26 11:24
2027,H9942 - LONGEVITY HEALTH PLAN OF NEW JERSEY INSURANCE COMP,https://nj26dir.longevityhealthplan.com,Machine-readable JSON,6/30/26 15:36
2027,"H9955 - MOLINA HEALTHCARE OF OHIO, INC.",https://www.molinahealthcare.com/cmsjson/378245/MCareFHIR/H9955/index.json,FHIR JSON,7/9/26 18:46
2027,H9968 - AMERICAN HEALTH PLAN OF PENNSYLVANIA INC,https://directory.amhealthplans.com/mpfdir/H9968/index.json,Machine-readable JSON,8/7/26 14:43
2027,"H9977 - DEVOTED HEALTH PLAN OF NEW MEXICO, INC.",https://fhir.devoted.com/H9977/2027,FHIR JSON,8/12/26 15:01
2027,"H9986 - HPMP OF FLORIDA, INC.",https://mpfpd.ilshealth.com/H9986_2027_index.json,Machine-readable JSON,8/26/26 14:58
2027,R0110 - HUMANA INSURANCE COMPANY,https://fhir.humana.com/api,FHIR JSON,6/10/26 11:44
2027,R0759 - CARE IMPROVEMENT PLUS SOUTH CENTRAL INSURANCE CO.,https://cms-mpf.optum-uhc-stage.net/api/cms/plans/R0759/2027,Machine-readable JSON,6/24/26 10:25
2027,R1532 - HUMANA INSURANCE COMPANY,https://fhir.humana.com/api,FHIR JSON,6/10/26 11:44
2027,R2604 - CARE IMPROVEMENT PLUS SOUTH CENTRAL INSURANCE CO.,https://cms-mpf.optum-uhc-stage.net/api/cms/plans/R2604/2027,Machine-readable JSON,6/24/26 10:25
2027,R4182 - HUMANA INSURANCE COMPANY,https://fhir.humana.com/api,FHIR JSON,6/10/26 11:44
2027,R5361 - HUMANA INSURANCE COMPANY,https://fhir.humana.com/api,FHIR JSON,6/10/26 11:45
2027,R5826 - HUMANA INSURANCE COMPANY,https://fhir.humana.com/api,FHIR JSON,6/10/26 11:45
2027,"R5941 - ANTHEM INSURANCE COMPANIES, INC.",https://totalview.healthos.anthem.com/cms/R5941/index.json,FHIR JSON,8/11/26 13:07
2027,R6694 - AETNA LIFE INSURANCE COMPANY,https://www.aetna.com/interoperability/2026/R6694/index.json,FHIR JSON,7/1/26 14:05
2027,R6801 - CARE IMPROVEMENT PLUS SOUTH CENTRAL INSURANCE CO.,https://cms-mpf.optum-uhc-stage.net/api/cms/plans/R6801/2027,Machine-readable JSON,6/24/26 10:26
2027,R7220 - HUMANA INSURANCE COMPANY,https://fhir.humana.com/api,FHIR JSON,6/10/26 11:45